<?xml version="1.0" encoding="UTF-8"?>
<window type="window" id="1117">
	<defaultcontrol always="true">1000</defaultcontrol>
	<controls>



		<include>CommonBackground</include>




<!------------PANEL_left---------->
		<control type="group">
			<animation effect="slide" start="-550,0" end="0" time="200">WindowOpen</animation>
			<animation effect="slide" start="0" end="-550,0" time="200">WindowClose</animation>
			<control type="list" id="11">
				<left>-800</left>
				<top>155</top>
				<width>500</width>
				<height>1000</height>
				<onright>1000</onright>
				<onup>22</onup>
				<ondown>11</ondown>
					<onfocus>setfocus(12, $INFO[Container(11).Position], absolute)</onfocus>
					<onfocus>setfocus(1000)</onfocus>
				<pagecontrol>610</pagecontrol>
				<viewtype label="Info 2">list</viewtype>
				<scrolltime>50</scrolltime>
				<itemlayout height="74.5" width="770">
					<control type="label">
						<left>5</left>
						<top>0</top>
						<width>500</width>
						<height>69</height>
						<font>font14</font>
						<textcolor>grey2</textcolor>
						<align>left</align>
						<aligny>center</aligny>
						<label>$INFO[ListItem.Label]</label>
					</control>
				</itemlayout>
				<focusedlayout height="74.5" width="900">
					<control type="label">
						<left>5</left>
						<top>0</top>
						<width>500</width>
						<height>69</height>
						<font>font14</font>
						<textcolor>blue2</textcolor>
						<align>left</align>
						<aligny>center</aligny>
						<label>$INFO[ListItem.Label]</label>
					</control>
				</focusedlayout>
				<content>
  				<item id="0">
    					<label>Фильмы</label>
    					<label2>plugin://plugin.video.filmix/movies/</label2>
    					<icon>icon1.png</icon>
   	 				<thumb>thumb1.png</thumb>
    					<onclick>setfocus(1000)</onclick>
					<visible>!Control.HasFocus(21)</visible>
  				</item>
  				<item id="1">
   					<label>Сериалы</label>
   					<label2>plugin://plugin.video.filmix/serials/</label2>
    					<icon>icon2.png</icon>
    					<thumb>thumb2.png</thumb>
    					<onclick>setfocus(1000)</onclick>
					<visible>!Control.HasFocus(21)</visible>
  				</item>
  				<item id="2">
    					<label>Мультфильмы</label>
    					<label2>plugin://plugin.video.filmix/multfilms/</label2>
    					<icon>icon2.png</icon>
    					<thumb>thumb2.png</thumb>
    					<onclick>setfocus(1000)</onclick>
					<visible>!Control.HasFocus(21)</visible>
  				</item>
  				<item id="3">
    					<label>Мультсериалы</label>
    					<label2>plugin://plugin.video.filmix/multserials/</label2>
    					<icon></icon>
    					<thumb></thumb>
    					<onclick>setfocus(1000)</onclick>
					<visible>!Control.HasFocus(21)</visible>
  				</item>
  				<item id="3">
    					<label>Популярные</label>
    					<label2>plugin://plugin.video.filmix/popular/</label2>
    					<icon></icon>
    					<thumb></thumb>
    					<onclick>setfocus(1000)</onclick>
					<visible>!Control.HasFocus(21)</visible>
  				</item>
  				<item id="3">
    					<label>Суйчас смотрят</label>
    					<label2>plugin://plugin.video.filmix/top_views/</label2>
    					<icon></icon>
    					<thumb></thumb>
    					<onclick>setfocus(1000)</onclick>
					<visible>!Control.HasFocus(21)</visible>
  				</item>
				</content>
			</control>
			<control type="image" id="1">
				<left>0</left>
				<top>50</top>
				<width>500</width>
				<height>88%</height>
				<texture border="5" colordiffuse="grey4">videoosd/fon_button.png</texture>
      				<bordertexture border="5">videoosd/shadow button.png</bordertexture>
			</control>
			<control type="list" id="12">
				<left>0</left>
				<top>155</top>
				<width>500</width>
				<height>1000</height>
				<onright>11</onright>
				<onup>12</onup>
				<ondown>13</ondown>
				<pagecontrol>610</pagecontrol>
				<viewtype label="Info 2">list</viewtype>
				<scrolltime>50</scrolltime>
				<itemlayout height="74.5" width="770">
					<control type="label">
						<left>15</left>
						<top>0</top>
						<width>500</width>
						<height>69</height>
						<font>font14</font>
						<textcolor>grey2</textcolor>
						<align>left</align>
						<aligny>center</aligny>
						<label>$INFO[ListItem.Label]</label>
					</control>
				</itemlayout>
				<focusedlayout height="74.5" width="900">
					<control type="image">
						<left>5</left>
						<top>0</top>
						<width>490</width>
						<height>69</height>
						<texture border="5" colordiffuse="grey4">videoosd/fon_button.png</texture>
      						<bordertexture border="5">videoosd/shadow button.png</bordertexture>
						<visible>!Control.HasFocus(12)</visible>
					</control>
					<control type="image">
						<left>5</left>
						<top>0</top>
						<width>490</width>
						<height>69</height>
						<texture border="5" colordiffuse="grey3">videoosd/fon_button.png</texture>
      						<bordertexture border="5">videoosd/shadow button.png</bordertexture>
						<visible>Control.HasFocus(12)</visible>
					</control>

					<control type="label">
						<left>15</left>
						<top>0</top>
						<width>500</width>
						<height>69</height>
						<font>font14</font>
						<textcolor>blue2</textcolor>
						<align>left</align>
						<aligny>center</aligny>
						<label>$INFO[ListItem.Label]</label>
					</control>
				</focusedlayout>
				<content>
  				<item id="0">
    					<label>Фильмы</label>
    					<label2>plugin://plugin.video.filmix/movies/</label2>
    					<icon>icon1.png</icon>
   	 				<thumb>thumb1.png</thumb>
    					<onclick>setfocus(11, 0, absolute)</onclick>
    					<onclick>setfocus(90, 0, absolute)</onclick>
    					<onclick>setfocus(1000, 0, absolute)</onclick>
					<visible>!Control.HasFocus(21)</visible>
  				</item>
  				<item id="1">
   					<label>Сериалы</label>
   					<label2>plugin://plugin.video.filmix/serials/</label2>
    					<icon>icon2.png</icon>
    					<thumb>thumb2.png</thumb>
    					<onclick>setfocus(11, 1, absolute)</onclick>
    					<onclick>setfocus(90, 0, absolute)</onclick>
    					<onclick>setfocus(1000, 0, absolute)</onclick>
					<visible>!Control.HasFocus(21)</visible>
  				</item>
  				<item id="2">
    					<label>Мультфильмы</label>
    					<label2>plugin://plugin.video.filmix/multfilms/</label2>
    					<icon>icon2.png</icon>
    					<thumb>thumb2.png</thumb>
    					<onclick>setfocus(11, 2, absolute)</onclick>
    					<onclick>setfocus(90, 0, absolute)</onclick>
    					<onclick>setfocus(1000, 0, absolute)</onclick>
					<visible>!Control.HasFocus(21)</visible>
  				</item>
  				<item id="3">
    					<label>Мультсериалы</label>
    					<label2>plugin://plugin.video.filmix/multserials/</label2>
    					<icon></icon>
    					<thumb></thumb>
    					<onclick>setfocus(11, 3, absolute)</onclick>
    					<onclick>setfocus(90, 0, absolute)</onclick>
    					<onclick>setfocus(1000, 0, absolute)</onclick>
					<visible>!Control.HasFocus(21)</visible>
  				</item>
  				<item id="3">
    					<label>Популярные</label>
    					<label2>plugin://plugin.video.filmix/popular/</label2>
    					<icon></icon>
    					<thumb></thumb>
    					<onclick>setfocus(11, 4, absolute)</onclick>
    					<onclick>setfocus(90, 0, absolute)</onclick>
    					<onclick>setfocus(1000, 0, absolute)</onclick>
					<visible>!Control.HasFocus(21)</visible>
  				</item>
  				<item id="3">
    					<label>Суйчас смотрят</label>
    					<label2>plugin://plugin.video.filmix/top_views/</label2>
    					<icon></icon>
    					<thumb></thumb>
    					<onclick>setfocus(11, 5, absolute)</onclick>
    					<onclick>setfocus(90, 0, absolute)</onclick>
    					<onclick>setfocus(1000, 0, absolute)</onclick>
					<visible>!Control.HasFocus(21)</visible>
  				</item>
				</content>
			</control>

			<control type="edit" id="13">
				<left>5</left>
				<top>600</top>
				<width>490</width>
				<height>70</height>
				<ondown>12</ondown>
				<font>button.bold</font>
				<textcolor>grey2</textcolor>
				<align>left</align>
				<aligny>center</aligny>
				<focusedcolor>$INFO[Skin.String(color.text)]</focusedcolor>
				<texturefocus border="10">Keyboard/nf.png</texturefocus>
				<texturenofocus border="10">Keyboard/nf.png</texturenofocus>
			</control>


		</control>
<!------------PANEL_left---------->


<!------------PANEL_right---------->
		<control type="group" id="1002">
		<control type="list" id="50">
      			<left>1900</left>
      			<top>0</top>
     			<width>250</width>
      			<height>1080</height>

      			<viewtype label="3D list">list</viewtype>
      			<orientation>vertical</orientation>
      			<pagecontrol>25</pagecontrol>
      				<scrolltime tween="sine" easing="out">200</scrolltime>
      				<itemlayout width="650" height="18">
      				</itemlayout>
      				<focusedlayout height="18" width="650">
					<control type="button">
						<left>90</left>
						<top>0</top>
						<width>460</width>
						<height>70</height>
						<texturefocus></texturefocus>
						<texturenofocus></texturenofocus>
						<onfocus>Back</onfocus>
					</control>
     				</focusedlayout>
			<content>plugin://plugin.video.filmix/search/history/</content>
			<!--content>plugin://plugin.video.filmix/search?keyword=$INFO[Control.GetLabel(13).index(1)]</content-->
			<!--content>plugin://plugin.video.filmix/search?keyword=губка</content-->
			<!--visible>!String.IsEmpty(Control.GetLabel(13).index(1))</visible-->
		</control>













		<!--control type="list" id="50">
      			<left>1900</left>
      			<top>0</top>
     			<width>250</width>
      			<height>1080</height>
      			<viewtype label="3D list">list</viewtype>
      			<orientation>vertical</orientation>
      			<pagecontrol>25</pagecontrol>
      				<scrolltime tween="sine" easing="out">200</scrolltime>
      				<itemlayout width="650" height="18">
      				</itemlayout>
      				<focusedlayout height="18" width="650">
     				</focusedlayout>
			<content>$INFO[Container(11).Listitem.Label2]$INFO[Container(90).Listitem.Label2]</content>
			<visible>String.Contains(Container(11).Listitem.Label2,movies) | String.Contains(Container(11).Listitem.Label2,multfilms) | String.Contains(Container(11).Listitem.Label2,popular) | String.Contains(Container(11).Listitem.Label2,top_views)</visible>
			<visible>String.IsEmpty(Control.GetLabel(13).index(1))</visible>
		</control>
		<control type="list" id="50">
      			<left>1900</left>
      			<top>0</top>
     			<width>250</width>
      			<height>1080</height>
			<onclick>ActivateWindow(10025,"$INFO[Container(1000).ListItem.FileNameAndPath]",return)</onclick>
      			<viewtype label="3D list">list</viewtype>
      			<orientation>vertical</orientation>
      			<pagecontrol>25</pagecontrol>
      				<scrolltime tween="sine" easing="out">200</scrolltime>
      				<itemlayout width="650" height="18">
      				</itemlayout>
      				<focusedlayout height="18" width="650">
     				</focusedlayout>
			<content>$INFO[Container(11).Listitem.Label2]$INFO[Container(90).Listitem.Label2]</content>
			<visible>String.Contains(Container(11).Listitem.Label2,serials) | String.Contains(Container(11).Listitem.Label2,multserials)</visible>
			<visible>String.IsEmpty(Control.GetLabel(13).index(1))</visible>
		</control-->






			<left>520</left>
			<top>50</top>
			<animation effect="slide" start="1450,0" end="0" time="200">WindowOpen</animation>
			<animation effect="slide" start="0" end="1450,0" time="200">WindowClose</animation>
			<control type="image" id="1">
				<left>0</left>
				<top>0</top>
				<width>1390</width>
				<height>92%</height>
				<texture border="5" colordiffuse="grey4">videoosd/fon_button.png</texture>
      				<bordertexture border="5">videoosd/shadow button.png</bordertexture>
			</control>
			<control type="panel" id="1000">
				<left>10</left>
				<top>100</top>
				<width>1400</width>
				<height>840</height>
				<onup>1000</onup>
				<ondown>91</ondown>
				<onleft>12</onleft>
				<onright condition="Control.IsVisible(60)">60</onright>
				<onright condition="!Control.IsVisible(60)">1000</onright>
				<viewtype label="21371">list</viewtype>
				<pagecontrol>60</pagecontrol>
				<scrolltime>200</scrolltime>
				<preloaditems>2</preloaditems>
				<orientation>vertical</orientation>
				<itemlayout height="420" width="270">
					<control type="image">
						<left>15</left>
						<top>5</top>
						<width>250</width>
						<height>350</height>
					<texture>$INFO[ListItem.Icon]</texture>
					</control>
					<control type="label">
						<centerleft>50%</centerleft>
						<top>380</top>
						<width>280</width>
						<height>38</height>
						<font>font12</font>
						<textcolor>grey2</textcolor>
						<align>center</align>
						<aligny>center</aligny>
						<label>$INFO[ListItem.Label]</label>
					</control>
				</itemlayout>
				<focusedlayout height="420" width="270">
					<control type="image">
						<left>15</left>
						<top>5</top>
						<width>250</width>
						<height>350</height>
						<texture border="5" colordiffuse="grey3">videoosd/fon_button.png</texture>
      						<bordertexture border="5">videoosd/shadow button.png</bordertexture>
<animation reversible="false" effect="zoom" start="15,5,250,350" end="-2,-7,284,430" time="100">focus</animation>
<animation reversible="false" effect="zoom" end="15,5,250,350" start="-2,-7,284,430" time="100">unfocus</animation>
					</control>
					<control type="image">
						<left>15</left>
						<top>5</top>
						<width>250</width>
						<height>350</height>
      						<bordersize>1</bordersize>
						<texture>$INFO[ListItem.Icon]</texture>
<animation reversible="false" effect="zoom" start="15,5,250,350" end="2,-2,276,376" time="100">focus</animation>
<animation reversible="false" effect="zoom" end="15,5,250,350" start="2,-2,276,376" time="100">unfocus</animation>
					</control>

					<control type="label">
						<left>0</left>
						<top>380</top>
						<width>280</width>
						<height>38</height>
						<font>font12</font>
						<textcolor>blue2</textcolor>
						<align>center</align>
						<aligny>center</aligny>
						<label>$INFO[ListItem.Label]</label>
					</control>
				</focusedlayout>
				<content>
 					<item id="0">
    						<label>$INFO[Container(50).ListItemAbsolute(0).Label]</label>
    						<label2>$INFO[Container(50).ListItemAbsolute(0).FolderPath]</label2>
    						<icon>$INFO[Container(50).ListItemAbsolute(0).icon]</icon>
    						<onclick>setfocus(50, 0, absolute)</onclick>
   						<onclick>Action(Select)</onclick>
   						<onclick>setfocus(1000)</onclick>
						<visible>!String.Contains(Container(50).ListItemAbsolute(0).Label,Страна:)</visible>
						<visible>!String.IsEqual(Container(50).ListItemAbsolute(0).Label,Предыдущая страница...)</visible>
						<visible>!String.IsEqual(Container(50).ListItemAbsolute(0).Label,Следующая страница...)</visible>
						<visible>!String.IsEmpty(Container(50).ListItemAbsolute(0).Label)</visible>
  					</item>
 					<item id="1">
    						<label>$INFO[Container(50).ListItemAbsolute(1).Label]</label>
    						<label2>$INFO[Container(50).ListItemAbsolute(1).FolderPath]</label2>
    						<icon>$INFO[Container(50).ListItemAbsolute(1).icon]</icon>
    						<onclick>setfocus(50, 1, absolute)</onclick>
   						<onclick>Action(Select)</onclick>
   						<onclick>setfocus(1000)</onclick>
						<visible>!String.Contains(Container(50).ListItemAbsolute(1).Label,Жанр:)</visible>
						<visible>!String.IsEqual(Container(50).ListItemAbsolute(1).Label,Предыдущая страница...)</visible>
						<visible>!String.IsEqual(Container(50).ListItemAbsolute(1).Label,Следующая страница...)</visible>
						<visible>!String.IsEmpty(Container(50).ListItemAbsolute(1).Label)</visible>
  					</item>
 					<item id="2">
    						<label>$INFO[Container(50).ListItemAbsolute(2).Label]</label>
    						<label2>$INFO[Container(50).ListItemAbsolute(2).FolderPath]</label2>
    						<icon>$INFO[Container(50).ListItemAbsolute(2).icon]</icon>
    						<onclick>setfocus(50, 2, absolute)</onclick>
   						<onclick>Action(Select)</onclick>
   						<onclick>setfocus(1000)</onclick>
						<visible>!String.Contains(Container(50).ListItemAbsolute(2).Label,Год выпуска:)</visible>
						<visible>!String.IsEqual(Container(50).ListItemAbsolute(2).Label,Предыдущая страница...)</visible>
						<visible>!String.IsEqual(Container(50).ListItemAbsolute(2).Label,Следующая страница...)</visible>
						<visible>!String.IsEmpty(Container(50).ListItemAbsolute(2).Label)</visible>
  					</item>
 					<item id="3">
    						<label>$INFO[Container(50).ListItemAbsolute(3).Label]</label>
    						<label2>$INFO[Container(50).ListItemAbsolute(3).FolderPath]</label2>
    						<icon>$INFO[Container(50).ListItemAbsolute(3).icon]</icon>
    						<onclick>setfocus(50, 3, absolute)</onclick>
   						<onclick>Action(Select)</onclick>
   						<onclick>setfocus(1000)</onclick>
						<visible>!String.Contains(Container(50).ListItemAbsolute(3).Label,Качество:)</visible>
						<visible>!String.IsEqual(Container(50).ListItemAbsolute(3).Label,Предыдущая страница...)</visible>
						<visible>!String.IsEqual(Container(50).ListItemAbsolute(3).Label,Следующая страница...)</visible>
						<visible>!String.IsEmpty(Container(50).ListItemAbsolute(3).Label)</visible>
  					</item>
 					<item id="4">
    						<label>$INFO[Container(50).ListItemAbsolute(4).Label]</label>
    						<label2>$INFO[Container(50).ListItemAbsolute(4).FolderPath]</label2>
    						<icon>$INFO[Container(50).ListItemAbsolute(4).icon]</icon>
    						<onclick>setfocus(50, 4, absolute)</onclick>
   						<onclick>Action(Select)</onclick>
   						<onclick>setfocus(1000)</onclick>
						<visible>!String.Contains(Container(50).ListItemAbsolute(4).Label,Перевод/Озвучка:)</visible>
						<visible>!String.IsEqual(Container(50).ListItemAbsolute(4).Label,Предыдущая страница...)</visible>
						<visible>!String.IsEqual(Container(50).ListItemAbsolute(4).Label,Следующая страница...)</visible>
						<visible>!String.IsEmpty(Container(50).ListItemAbsolute(4).Label)</visible>
  					</item>




 					<item id="5">
    						<label>$INFO[Container(50).ListItemAbsolute(5).Label]</label>
    						<label2>$INFO[Container(50).ListItemAbsolute(5).FolderPath]</label2>
    						<property name="FolderPath">$NUMBER[5000]</property>
    						<icon>$INFO[Container(50).ListItemAbsolute(5).icon]</icon>
    						<onclick>setfocus(50, 5, absolute)</onclick>
   						<onclick>Action(Select)</onclick>
   						<onclick>setfocus(1000)</onclick>
						<visible>!String.IsEqual(Container(50).ListItemAbsolute(5).Label,Предыдущая страница...)</visible>
						<visible>!String.IsEqual(Container(50).ListItemAbsolute(5).Label,Следующая страница...)</visible>
						<visible>!String.IsEmpty(Container(50).ListItemAbsolute(5).Label)</visible>
  					</item>
 					<item id="6">
    						<property name="id">$NUMBER[6]</property>
    						<label>$INFO[Container(50).ListItemAbsolute(6).Label]</label>
    						<label2>$INFO[Container(50).ListItemAbsolute(6).FolderPath]</label2>
    						<icon>$INFO[Container(50).ListItemAbsolute(6).icon]</icon>
    						<onclick>setfocus(50, 6, absolute)</onclick>
   						<onclick>Action(Select)</onclick>
   						<onclick>setfocus(1000)</onclick>
						<visible>!String.IsEqual(Container(50).ListItemAbsolute(6).Label,Предыдущая страница...)</visible>
						<visible>!String.IsEqual(Container(50).ListItemAbsolute(6).Label,Следующая страница...)</visible>
						<visible>!String.IsEmpty(Container(50).ListItemAbsolute(6).Label)</visible>
  					</item>
 					<item id="7">
    						<label>$INFO[Container(50).ListItemAbsolute(7).Label]</label>
    						<label2>$INFO[Container(50).ListItemAbsolute(7).FolderPath]</label2>
    						<icon>$INFO[Container(50).ListItemAbsolute(7).icon]</icon>
    						<onclick>setfocus(50, 7, absolute)</onclick>
   						<onclick>Action(Select)</onclick>
   						<onclick>setfocus(1000)</onclick>
						<visible>!String.IsEqual(Container(50).ListItemAbsolute(7).Label,Предыдущая страница...)</visible>
						<visible>!String.IsEqual(Container(50).ListItemAbsolute(7).Label,Следующая страница...)</visible>
						<visible>!String.IsEmpty(Container(50).ListItemAbsolute(7).Label)</visible>
  					</item>
 					<item id="8">
    						<label>$INFO[Container(50).ListItemAbsolute(8).Label]</label>
    						<label2>$INFO[Container(50).ListItemAbsolute(8).FolderPath]</label2>
    						<icon>$INFO[Container(50).ListItemAbsolute(8).icon]</icon>
    						<onclick>setfocus(50, 8, absolute)</onclick>
   						<onclick>Action(Select)</onclick>
   						<onclick>setfocus(1000)</onclick>
						<visible>!String.IsEqual(Container(50).ListItemAbsolute(8).Label,Предыдущая страница...)</visible>
						<visible>!String.IsEqual(Container(50).ListItemAbsolute(8).Label,Следующая страница...)</visible>
						<visible>!String.IsEmpty(Container(50).ListItemAbsolute(8).Label)</visible>
  					</item>
 					<item id="9">
    						<label>$INFO[Container(50).ListItemAbsolute(9).Label]</label>
    						<label2>$INFO[Container(50).ListItemAbsolute(9).FolderPath]</label2>
    						<icon>$INFO[Container(50).ListItemAbsolute(9).icon]</icon>
    						<onclick>setfocus(50, 9, absolute)</onclick>
   						<onclick>Action(Select)</onclick>
   						<onclick>setfocus(1000)</onclick>
						<visible>!String.IsEqual(Container(50).ListItemAbsolute(9).Label,Предыдущая страница...)</visible>
						<visible>!String.IsEqual(Container(50).ListItemAbsolute(9).Label,Следующая страница...)</visible>
						<visible>!String.IsEmpty(Container(50).ListItemAbsolute(9).Label)</visible>
  					</item>
 					<item id="10">
    						<label>$INFO[Container(50).ListItemAbsolute(10).Label]</label>
    						<label2>$INFO[Container(50).ListItemAbsolute(10).FolderPath]</label2>
    						<icon>$INFO[Container(50).ListItemAbsolute(10).icon]</icon>
    						<onclick>setfocus(50, 10, absolute)</onclick>
   						<onclick>Action(Select)</onclick>
   						<onclick>setfocus(1000)</onclick>
						<visible>!String.IsEqual(Container(50).ListItemAbsolute(10).Label,Предыдущая страница...)</visible>
						<visible>!String.IsEqual(Container(50).ListItemAbsolute(10).Label,Следующая страница...)</visible>
						<visible>!String.IsEmpty(Container(50).ListItemAbsolute(10).Label)</visible>
  					</item>
 					<item id="11">
    						<label>$INFO[Container(50).ListItemAbsolute(11).Label]</label>
    						<label2>$INFO[Container(50).ListItemAbsolute(11).FolderPath]</label2>
    						<icon>$INFO[Container(50).ListItemAbsolute(11).icon]</icon>
    						<onclick>setfocus(50, 11, absolute)</onclick>
   						<onclick>Action(Select)</onclick>
   						<onclick>setfocus(1000)</onclick>
						<visible>!String.IsEqual(Container(50).ListItemAbsolute(11).Label,Предыдущая страница...)</visible>
						<visible>!String.IsEqual(Container(50).ListItemAbsolute(11).Label,Следующая страница...)</visible>
						<visible>!String.IsEmpty(Container(50).ListItemAbsolute(11).Label)</visible>
  					</item>
 					<item id="12">
    						<label>$INFO[Container(50).ListItemAbsolute(12).Label]</label>
						<label2>$INFO[Container(50).ListItemAbsolute(12).FolderPath]</label2>
    						<icon>$INFO[Container(50).ListItemAbsolute(12).icon]</icon>
    						<onclick>setfocus(50, 12, absolute)</onclick>
   						<onclick>Action(Select)</onclick>
   						<onclick>setfocus(1000)</onclick>
						<visible>!String.IsEqual(Container(50).ListItemAbsolute(12).Label,Предыдущая страница...)</visible>
						<visible>!String.IsEqual(Container(50).ListItemAbsolute(12).Label,Следующая страница...)</visible>
						<visible>!String.IsEmpty(Container(50).ListItemAbsolute(12).Label)</visible>
  					</item>
 					<item id="13">
    						<label>$INFO[Container(50).ListItemAbsolute(13).Label]</label>
						<label2>$INFO[Container(50).ListItemAbsolute(13).FolderPath]</label2>
    						<icon>$INFO[Container(50).ListItemAbsolute(13).icon]</icon>
    						<onclick>setfocus(50, 13, absolute)</onclick>
   						<onclick>Action(Select)</onclick>
   						<onclick>setfocus(1000)</onclick>
						<visible>!String.IsEqual(Container(50).ListItemAbsolute(13).Label,Предыдущая страница...)</visible>
						<visible>!String.IsEqual(Container(50).ListItemAbsolute(13).Label,Следующая страница...)</visible>
						<visible>!String.IsEmpty(Container(50).ListItemAbsolute(13).Label)</visible>
  					</item>
 					<item id="14">
    						<label>$INFO[Container(50).ListItemAbsolute(14).Label]</label>
						<label2>$INFO[Container(50).ListItemAbsolute(14).FolderPath]</label2>
    						<icon>$INFO[Container(50).ListItemAbsolute(14).icon]</icon>
    						<onclick>setfocus(50, 14, absolute)</onclick>
   						<onclick>Action(Select)</onclick>
   						<onclick>setfocus(1000)</onclick>
						<visible>!String.IsEqual(Container(50).ListItemAbsolute(14).Label,Предыдущая страница...)</visible>
						<visible>!String.IsEqual(Container(50).ListItemAbsolute(14).Label,Следующая страница...)</visible>
						<visible>!String.IsEmpty(Container(50).ListItemAbsolute(14).Label)</visible>
  					</item>
 					<item id="15">
    						<label>$INFO[Container(50).ListItemAbsolute(15).Label]</label>
						<label2>$INFO[Container(50).ListItemAbsolute(15).FolderPath]</label2>
    						<icon>$INFO[Container(50).ListItemAbsolute(15).icon]</icon>
    						<onclick>setfocus(50, 15, absolute)</onclick>
   						<onclick>Action(Select)</onclick>
   						<onclick>setfocus(1000)</onclick>
						<visible>!String.IsEqual(Container(50).ListItemAbsolute(15).Label,Предыдущая страница...)</visible>
						<visible>!String.IsEqual(Container(50).ListItemAbsolute(15).Label,Следующая страница...)</visible>
						<visible>!String.IsEmpty(Container(50).ListItemAbsolute(15).Label)</visible>
  					</item>
 					<item id="16">
    						<label>$INFO[Container(50).ListItemAbsolute(16).Label]</label>
						<label2>$INFO[Container(50).ListItemAbsolute(16).FolderPath]</label2>
    						<icon>$INFO[Container(50).ListItemAbsolute(16).icon]</icon>
    						<onclick>setfocus(50, 16, absolute)</onclick>
   						<onclick>Action(Select)</onclick>
   						<onclick>setfocus(1000)</onclick>
						<visible>!String.IsEqual(Container(50).ListItemAbsolute(16).Label,Предыдущая страница...)</visible>
						<visible>!String.IsEqual(Container(50).ListItemAbsolute(16).Label,Следующая страница...)</visible>
						<visible>!String.IsEmpty(Container(50).ListItemAbsolute(16).Label)</visible>
  					</item>
 					<item id="17">
    						<label>$INFO[Container(50).ListItemAbsolute(17).Label]</label>
						<label2>$INFO[Container(50).ListItemAbsolute(17).FolderPath]</label2>
    						<icon>$INFO[Container(50).ListItemAbsolute(17).icon]</icon>
    						<onclick>setfocus(50, 17, absolute)</onclick>
   						<onclick>Action(Select)</onclick>
   						<onclick>setfocus(1000)</onclick>
						<visible>!String.IsEqual(Container(50).ListItemAbsolute(17).Label,Предыдущая страница...)</visible>
						<visible>!String.IsEqual(Container(50).ListItemAbsolute(17).Label,Следующая страница...)</visible>
						<visible>!String.IsEmpty(Container(50).ListItemAbsolute(17).Label)</visible>
  					</item>
 					<item id="18">
    						<label>$INFO[Container(50).ListItemAbsolute(18).Label]</label>
						<label2>$INFO[Container(50).ListItemAbsolute(18).FolderPath]</label2>
    						<icon>$INFO[Container(50).ListItemAbsolute(18).icon]</icon>
    						<onclick>setfocus(50, 18, absolute)</onclick>
   						<onclick>Action(Select)</onclick>
   						<onclick>setfocus(1000)</onclick>
						<visible>!String.IsEqual(Container(50).ListItemAbsolute(18).Label,Предыдущая страница...)</visible>
						<visible>!String.IsEqual(Container(50).ListItemAbsolute(18).Label,Следующая страница...)</visible>
						<visible>!String.IsEmpty(Container(50).ListItemAbsolute(18).Label)</visible>
  					</item>
 					<item id="19">
    						<label>$INFO[Container(50).ListItemAbsolute(19).Label]</label>
						<label2>$INFO[Container(50).ListItemAbsolute(19).FolderPath]</label2>
    						<icon>$INFO[Container(50).ListItemAbsolute(19).icon]</icon>
    						<onclick>setfocus(50, 19, absolute)</onclick>
   						<onclick>Action(Select)</onclick>
   						<onclick>setfocus(1000)</onclick>
						<visible>!String.IsEqual(Container(50).ListItemAbsolute(19).Label,Предыдущая страница...)</visible>
						<visible>!String.IsEqual(Container(50).ListItemAbsolute(19).Label,Следующая страница...)</visible>
						<visible>!String.IsEmpty(Container(50).ListItemAbsolute(19).Label)</visible>
  					</item>
 					<item id="20">
    						<label>$INFO[Container(50).ListItemAbsolute(20).Label]</label>
						<label2>$INFO[Container(50).ListItemAbsolute(20).FolderPath]</label2>
    						<icon>$INFO[Container(50).ListItemAbsolute(20).icon]</icon>
    						<onclick>setfocus(50, 20, absolute)</onclick>
   						<onclick>Action(Select)</onclick>
   						<onclick>setfocus(1000)</onclick>
						<visible>!String.IsEqual(Container(50).ListItemAbsolute(20).Label,Предыдущая страница...)</visible>
						<visible>!String.IsEqual(Container(50).ListItemAbsolute(20).Label,Следующая страница...)</visible>
						<visible>!String.IsEmpty(Container(50).ListItemAbsolute(20).Label)</visible>
  					</item>
 					<item id="21">
    						<label>$INFO[Container(50).ListItemAbsolute(21).Label]</label>
						<label2>$INFO[Container(50).ListItemAbsolute(21).FolderPath]</label2>
    						<icon>$INFO[Container(50).ListItemAbsolute(21).icon]</icon>
    						<onclick>setfocus(50, 21, absolute)</onclick>
   						<onclick>Action(Select)</onclick>
   						<onclick>setfocus(1000)</onclick>
						<visible>!String.IsEqual(Container(50).ListItemAbsolute(21).Label,Предыдущая страница...)</visible>
						<visible>!String.IsEqual(Container(50).ListItemAbsolute(21).Label,Следующая страница...)</visible>
						<visible>!String.IsEmpty(Container(50).ListItemAbsolute(21).Label)</visible>
  					</item>
 					<item id="22">
    						<label>$INFO[Container(50).ListItemAbsolute(22).Label]</label>
						<label2>$INFO[Container(50).ListItemAbsolute(22).FolderPath]</label2>
    						<icon>$INFO[Container(50).ListItemAbsolute(22).icon]</icon>
    						<onclick>setfocus(50, 22, absolute)</onclick>
   						<onclick>Action(Select)</onclick>
   						<onclick>setfocus(1000)</onclick>
						<visible>!String.IsEqual(Container(50).ListItemAbsolute(22).Label,Предыдущая страница...)</visible>
						<visible>!String.IsEqual(Container(50).ListItemAbsolute(22).Label,Следующая страница...)</visible>
						<visible>!String.IsEmpty(Container(50).ListItemAbsolute(22).Label)</visible>
  					</item>
 					<item id="23">
    						<label>$INFO[Container(50).ListItemAbsolute(23).Label]</label>
						<label2>$INFO[Container(50).ListItemAbsolute(23).FolderPath]</label2>
    						<icon>$INFO[Container(50).ListItemAbsolute(23).icon]</icon>
    						<onclick>setfocus(50, 23, absolute)</onclick>
   						<onclick>Action(Select)</onclick>
   						<onclick>setfocus(1000)</onclick>
						<visible>!String.IsEqual(Container(50).ListItemAbsolute(23).Label,Предыдущая страница...)</visible>
						<visible>!String.IsEqual(Container(50).ListItemAbsolute(23).Label,Следующая страница...)</visible>
						<visible>!String.IsEmpty(Container(50).ListItemAbsolute(23).Label)</visible>
  					</item>
 					<item id="24">
    						<label>$INFO[Container(50).ListItemAbsolute(24).Label]</label>
						<label2>$INFO[Container(50).ListItemAbsolute(24).FolderPath]</label2>
    						<icon>$INFO[Container(50).ListItemAbsolute(24).icon]</icon>
    						<onclick>setfocus(50, 24, absolute)</onclick>
   						<onclick>Action(Select)</onclick>
   						<onclick>setfocus(1000)</onclick>
						<visible>!String.IsEqual(Container(50).ListItemAbsolute(24).Label,Предыдущая страница...)</visible>
						<visible>!String.IsEqual(Container(50).ListItemAbsolute(24).Label,Следующая страница...)</visible>
						<visible>!String.IsEmpty(Container(50).ListItemAbsolute(24).Label)</visible>
  					</item>
 					<item id="25">
    						<label>$INFO[Container(50).ListItemAbsolute(25).Label]</label>
						<label2>$INFO[Container(50).ListItemAbsolute(25).FolderPath]</label2>
    						<icon>$INFO[Container(50).ListItemAbsolute(25).icon]</icon>
    						<onclick>setfocus(50, 25, absolute)</onclick>
   						<onclick>Action(Select)</onclick>
   						<onclick>setfocus(1000)</onclick>
						<visible>!String.IsEqual(Container(50).ListItemAbsolute(25).Label,Предыдущая страница...)</visible>
						<visible>!String.IsEqual(Container(50).ListItemAbsolute(25).Label,Следующая страница...)</visible>
						<visible>!String.IsEmpty(Container(50).ListItemAbsolute(25).Label)</visible>
  					</item>
 					<item id="26">
    						<label>$INFO[Container(50).ListItemAbsolute(26).Label]</label>
						<label2>$INFO[Container(50).ListItemAbsolute(26).FolderPath]</label2>
    						<icon>$INFO[Container(50).ListItemAbsolute(26).icon]</icon>
    						<onclick>setfocus(50, 26, absolute)</onclick>
   						<onclick>Action(Select)</onclick>
   						<onclick>setfocus(1000)</onclick>
						<visible>!String.IsEqual(Container(50).ListItemAbsolute(26).Label,Предыдущая страница...)</visible>
						<visible>!String.IsEqual(Container(50).ListItemAbsolute(26).Label,Следующая страница...)</visible>
						<visible>!String.IsEmpty(Container(50).ListItemAbsolute(26).Label)</visible>
  					</item>
 					<item id="27">
    						<label>$INFO[Container(50).ListItemAbsolute(27).Label]</label>
						<label2>$INFO[Container(50).ListItemAbsolute(27).FolderPath]</label2>
    						<icon>$INFO[Container(50).ListItemAbsolute(27).icon]</icon>
    						<onclick>setfocus(50, 27, absolute)</onclick>
   						<onclick>Action(Select)</onclick>
   						<onclick>setfocus(1000)</onclick>
						<visible>!String.IsEqual(Container(50).ListItemAbsolute(27).Label,Предыдущая страница...)</visible>
						<visible>!String.IsEqual(Container(50).ListItemAbsolute(27).Label,Следующая страница...)</visible>
						<visible>!String.IsEmpty(Container(50).ListItemAbsolute(27).Label)</visible>
  					</item>
 					<item id="28">
    						<label>$INFO[Container(50).ListItemAbsolute(28).Label]</label>
						<label2>$INFO[Container(50).ListItemAbsolute(28).FolderPath]</label2>
    						<icon>$INFO[Container(50).ListItemAbsolute(28).icon]</icon>
    						<onclick>setfocus(50, 28, absolute)</onclick>
   						<onclick>Action(Select)</onclick>
   						<onclick>setfocus(1000)</onclick>
						<visible>!String.IsEqual(Container(50).ListItemAbsolute(28).Label,Предыдущая страница...)</visible>
						<visible>!String.IsEqual(Container(50).ListItemAbsolute(28).Label,Следующая страница...)</visible>
						<visible>!String.IsEmpty(Container(50).ListItemAbsolute(28).Label)</visible>
  					</item>
 					<item id="29">
    						<label>$INFO[Container(50).ListItemAbsolute(29).Label]</label>
						<label2>$INFO[Container(50).ListItemAbsolute(29).FolderPath]</label2>
    						<icon>$INFO[Container(50).ListItemAbsolute(29).icon]</icon>
    						<onclick>setfocus(50, 29, absolute)</onclick>
   						<onclick>Action(Select)</onclick>
   						<onclick>setfocus(1000)</onclick>
						<visible>!String.IsEqual(Container(50).ListItemAbsolute(29).Label,Предыдущая страница...)</visible>
						<visible>!String.IsEqual(Container(50).ListItemAbsolute(29).Label,Следующая страница...)</visible>
						<visible>!String.IsEmpty(Container(50).ListItemAbsolute(29).Label)</visible>
  					</item>
 					<item id="30">
    						<label>$INFO[Container(50).ListItemAbsolute(30).Label]</label>
						<label2>$INFO[Container(50).ListItemAbsolute(30).FolderPath]</label2>
    						<icon>$INFO[Container(50).ListItemAbsolute(30).icon]</icon>
    						<onclick>setfocus(50, 30, absolute)</onclick>
   						<onclick>Action(Select)</onclick>
   						<onclick>setfocus(1000)</onclick>
						<visible>!String.IsEqual(Container(50).ListItemAbsolute(30).Label,Предыдущая страница...)</visible>
						<visible>!String.IsEqual(Container(50).ListItemAbsolute(30).Label,Следующая страница...)</visible>
						<visible>!String.IsEmpty(Container(50).ListItemAbsolute(30).Label)</visible>
  					</item>
 					<item id="31">
    						<label>$INFO[Container(50).ListItemAbsolute(31).Label]</label>
						<label2>$INFO[Container(50).ListItemAbsolute(31).FolderPath]</label2>
    						<icon>$INFO[Container(50).ListItemAbsolute(31).icon]</icon>
    						<onclick>setfocus(50, 31, absolute)</onclick>
   						<onclick>Action(Select)</onclick>
   						<onclick>setfocus(1000)</onclick>
						<visible>!String.IsEqual(Container(50).ListItemAbsolute(31).Label,Предыдущая страница...)</visible>
						<visible>!String.IsEqual(Container(50).ListItemAbsolute(31).Label,Следующая страница...)</visible>
						<visible>!String.IsEmpty(Container(50).ListItemAbsolute(31).Label)</visible>
  					</item>
 					<item id="32">
    						<label>$INFO[Container(50).ListItemAbsolute(32).Label]</label>
						<label2>$INFO[Container(50).ListItemAbsolute(32).FolderPath]</label2>
    						<icon>$INFO[Container(50).ListItemAbsolute(32).icon]</icon>
    						<onclick>setfocus(50, 32, absolute)</onclick>
   						<onclick>Action(Select)</onclick>
   						<onclick>setfocus(1000)</onclick>
						<visible>!String.IsEqual(Container(50).ListItemAbsolute(32).Label,Предыдущая страница...)</visible>
						<visible>!String.IsEqual(Container(50).ListItemAbsolute(32).Label,Следующая страница...)</visible>
						<visible>!String.IsEmpty(Container(50).ListItemAbsolute(32).Label)</visible>
  					</item>
 					<item id="33">
    						<label>$INFO[Container(50).ListItemAbsolute(33).Label]</label>
						<label2>$INFO[Container(50).ListItemAbsolute(33).FolderPath]</label2>
    						<icon>$INFO[Container(50).ListItemAbsolute(33).icon]</icon>
    						<onclick>setfocus(50, 33, absolute)</onclick>
   						<onclick>Action(Select)</onclick>
   						<onclick>setfocus(1000)</onclick>
						<visible>!String.IsEqual(Container(50).ListItemAbsolute(33).Label,Предыдущая страница...)</visible>
						<visible>!String.IsEqual(Container(50).ListItemAbsolute(33).Label,Следующая страница...)</visible>
						<visible>!String.IsEmpty(Container(50).ListItemAbsolute(33).Label)</visible>
  					</item>
 					<item id="34">
    						<label>$INFO[Container(50).ListItemAbsolute(34).Label]</label>
						<label2>$INFO[Container(50).ListItemAbsolute(34).FolderPath]</label2>
    						<icon>$INFO[Container(50).ListItemAbsolute(34).icon]</icon>
    						<onclick>setfocus(50, 34, absolute)</onclick>
   						<onclick>Action(Select)</onclick>
   						<onclick>setfocus(1000)</onclick>
						<visible>!String.IsEqual(Container(50).ListItemAbsolute(34).Label,Предыдущая страница...)</visible>
						<visible>!String.IsEqual(Container(50).ListItemAbsolute(34).Label,Следующая страница...)</visible>
						<visible>!String.IsEmpty(Container(50).ListItemAbsolute(34).Label)</visible>
  					</item>
 					<item id="35">
    						<label>$INFO[Container(50).ListItemAbsolute(35).Label]</label>
						<label2>$INFO[Container(50).ListItemAbsolute(35).FolderPath]</label2>
    						<icon>$INFO[Container(50).ListItemAbsolute(35).icon]</icon>
    						<onclick>setfocus(50, 35, absolute)</onclick>
   						<onclick>Action(Select)</onclick>
   						<onclick>setfocus(1000)</onclick>
						<visible>!String.IsEqual(Container(50).ListItemAbsolute(35).Label,Предыдущая страница...)</visible>
						<visible>!String.IsEqual(Container(50).ListItemAbsolute(35).Label,Следующая страница...)</visible>
						<visible>!String.IsEmpty(Container(50).ListItemAbsolute(35).Label)</visible>
  					</item>
 					<item id="36">
    						<label>$INFO[Container(50).ListItemAbsolute(36).Label]</label>
						<label2>$INFO[Container(50).ListItemAbsolute(36).FolderPath]</label2>
    						<icon>$INFO[Container(50).ListItemAbsolute(36).icon]</icon>
    						<onclick>setfocus(50, 36, absolute)</onclick>
   						<onclick>Action(Select)</onclick>
   						<onclick>setfocus(1000)</onclick>
						<visible>!String.IsEqual(Container(50).ListItemAbsolute(36).Label,Предыдущая страница...)</visible>
						<visible>!String.IsEqual(Container(50).ListItemAbsolute(36).Label,Следующая страница...)</visible>
						<visible>!String.IsEmpty(Container(50).ListItemAbsolute(36).Label)</visible>
  					</item>
 					<item id="37">
    						<label>$INFO[Container(50).ListItemAbsolute(37).Label]</label>
						<label2>$INFO[Container(50).ListItemAbsolute(37).FolderPath]</label2>
    						<icon>$INFO[Container(50).ListItemAbsolute(37).icon]</icon>
    						<onclick>setfocus(50, 37, absolute)</onclick>
   						<onclick>Action(Select)</onclick>
   						<onclick>setfocus(1000)</onclick>
						<visible>!String.IsEqual(Container(50).ListItemAbsolute(37).Label,Предыдущая страница...)</visible>
						<visible>!String.IsEqual(Container(50).ListItemAbsolute(37).Label,Следующая страница...)</visible>
						<visible>!String.IsEmpty(Container(50).ListItemAbsolute(37).Label)</visible>
  					</item>
 					<item id="38">
    						<label>$INFO[Container(50).ListItemAbsolute(38).Label]</label>
						<label2>$INFO[Container(50).ListItemAbsolute(38).FolderPath]</label2>
    						<icon>$INFO[Container(50).ListItemAbsolute(38).icon]</icon>
    						<onclick>setfocus(50, 38, absolute)</onclick>
   						<onclick>Action(Select)</onclick>
   						<onclick>setfocus(1000)</onclick>
						<visible>!String.IsEqual(Container(50).ListItemAbsolute(38).Label,Предыдущая страница...)</visible>
						<visible>!String.IsEqual(Container(50).ListItemAbsolute(38).Label,Следующая страница...)</visible>
						<visible>!String.IsEmpty(Container(50).ListItemAbsolute(38).Label)</visible>
  					</item>
 					<item id="39">
    						<label>$INFO[Container(50).ListItemAbsolute(39).Label]</label>
						<label2>$INFO[Container(50).ListItemAbsolute(39).FolderPath]</label2>
    						<icon>$INFO[Container(50).ListItemAbsolute(39).icon]</icon>
    						<onclick>setfocus(50, 39, absolute)</onclick>
   						<onclick>Action(Select)</onclick>
   						<onclick>setfocus(1000)</onclick>
						<visible>!String.IsEqual(Container(50).ListItemAbsolute(39).Label,Предыдущая страница...)</visible>
						<visible>!String.IsEqual(Container(50).ListItemAbsolute(39).Label,Следующая страница...)</visible>
						<visible>!String.IsEmpty(Container(50).ListItemAbsolute(39).Label)</visible>
  					</item>
 					<item id="40">
    						<label>$INFO[Container(50).ListItemAbsolute(40).Label]</label>
						<label2>$INFO[Container(50).ListItemAbsolute(40).FolderPath]</label2>
    						<icon>$INFO[Container(50).ListItemAbsolute(40).icon]</icon>
    						<onclick>setfocus(50, 40, absolute)</onclick>
   						<onclick>Action(Select)</onclick>
   						<onclick>setfocus(1000)</onclick>
						<visible>!String.IsEqual(Container(50).ListItemAbsolute(40).Label,Предыдущая страница...)</visible>
						<visible>!String.IsEqual(Container(50).ListItemAbsolute(40).Label,Следующая страница...)</visible>
						<visible>!String.IsEmpty(Container(50).ListItemAbsolute(40).Label)</visible>
  					</item>
 					<item id="41">
    						<label>$INFO[Container(50).ListItemAbsolute(41).Label]</label>
						<label2>$INFO[Container(50).ListItemAbsolute(41).FolderPath]</label2>
    						<icon>$INFO[Container(50).ListItemAbsolute(41).icon]</icon>
    						<onclick>setfocus(50, 41, absolute)</onclick>
   						<onclick>Action(Select)</onclick>
   						<onclick>setfocus(1000)</onclick>
						<visible>!String.IsEqual(Container(50).ListItemAbsolute(41).Label,Предыдущая страница...)</visible>
						<visible>!String.IsEqual(Container(50).ListItemAbsolute(41).Label,Следующая страница...)</visible>
						<visible>!String.IsEmpty(Container(50).ListItemAbsolute(41).Label)</visible>
  					</item>
 					<item id="42">
    						<label>$INFO[Container(50).ListItemAbsolute(42).Label]</label>
						<label2>$INFO[Container(50).ListItemAbsolute(42).FolderPath]</label2>
    						<icon>$INFO[Container(50).ListItemAbsolute(42).icon]</icon>
    						<onclick>setfocus(50, 42, absolute)</onclick>
   						<onclick>Action(Select)</onclick>
   						<onclick>setfocus(1000)</onclick>
						<visible>!String.IsEqual(Container(50).ListItemAbsolute(42).Label,Предыдущая страница...)</visible>
						<visible>!String.IsEqual(Container(50).ListItemAbsolute(42).Label,Следующая страница...)</visible>
						<visible>!String.IsEmpty(Container(50).ListItemAbsolute(42).Label)</visible>
  					</item>
 					<item id="43">
    						<label>$INFO[Container(50).ListItemAbsolute(43).Label]</label>
						<label2>$INFO[Container(50).ListItemAbsolute(43).FolderPath]</label2>
    						<icon>$INFO[Container(50).ListItemAbsolute(43).icon]</icon>
    						<onclick>setfocus(50, 43, absolute)</onclick>
   						<onclick>Action(Select)</onclick>
   						<onclick>setfocus(1000)</onclick>
						<visible>!String.IsEqual(Container(50).ListItemAbsolute(43).Label,Предыдущая страница...)</visible>
						<visible>!String.IsEqual(Container(50).ListItemAbsolute(43).Label,Следующая страница...)</visible>
						<visible>!String.IsEmpty(Container(50).ListItemAbsolute(43).Label)</visible>
  					</item>
 					<item id="44">
    						<label>$INFO[Container(50).ListItemAbsolute(44).Label]</label>
						<label2>$INFO[Container(50).ListItemAbsolute(44).FolderPath]</label2>
    						<icon>$INFO[Container(50).ListItemAbsolute(44).icon]</icon>
    						<onclick>setfocus(50, 44, absolute)</onclick>
   						<onclick>Action(Select)</onclick>
   						<onclick>setfocus(1000)</onclick>
						<visible>!String.IsEqual(Container(50).ListItemAbsolute(44).Label,Предыдущая страница...)</visible>
						<visible>!String.IsEqual(Container(50).ListItemAbsolute(44).Label,Следующая страница...)</visible>
						<visible>!String.IsEmpty(Container(50).ListItemAbsolute(44).Label)</visible>
  					</item>
 					<item id="45">
    						<label>$INFO[Container(50).ListItemAbsolute(45).Label]</label>
						<label2>$INFO[Container(50).ListItemAbsolute(45).FolderPath]</label2>
    						<icon>$INFO[Container(50).ListItemAbsolute(45).icon]</icon>
    						<onclick>setfocus(50, 45, absolute)</onclick>
   						<onclick>Action(Select)</onclick>
   						<onclick>setfocus(1000)</onclick>
						<visible>!String.IsEqual(Container(50).ListItemAbsolute(45).Label,Предыдущая страница...)</visible>
						<visible>!String.IsEqual(Container(50).ListItemAbsolute(45).Label,Следующая страница...)</visible>
						<visible>!String.IsEmpty(Container(50).ListItemAbsolute(45).Label)</visible>
  					</item>
 					<item id="46">
    						<label>$INFO[Container(50).ListItemAbsolute(46).Label]</label>
						<label2>$INFO[Container(50).ListItemAbsolute(46).FolderPath]</label2>
    						<icon>$INFO[Container(50).ListItemAbsolute(46).icon]</icon>
    						<onclick>setfocus(50, 46, absolute)</onclick>
   						<onclick>Action(Select)</onclick>
   						<onclick>setfocus(1000)</onclick>
						<visible>!String.IsEqual(Container(50).ListItemAbsolute(46).Label,Предыдущая страница...)</visible>
						<visible>!String.IsEqual(Container(50).ListItemAbsolute(46).Label,Следующая страница...)</visible>
						<visible>!String.IsEmpty(Container(50).ListItemAbsolute(46).Label)</visible>
  					</item>
 					<item id="47">
    						<label>$INFO[Container(50).ListItemAbsolute(47).Label]</label>
						<label2>$INFO[Container(50).ListItemAbsolute(47).FolderPath]</label2>
    						<icon>$INFO[Container(50).ListItemAbsolute(47).icon]</icon>
    						<onclick>setfocus(50, 47, absolute)</onclick>
   						<onclick>Action(Select)</onclick>
   						<onclick>setfocus(1000)</onclick>
						<visible>!String.IsEqual(Container(50).ListItemAbsolute(47).Label,Предыдущая страница...)</visible>
						<visible>!String.IsEqual(Container(50).ListItemAbsolute(47).Label,Следующая страница...)</visible>
						<visible>!String.IsEmpty(Container(50).ListItemAbsolute(47).Label)</visible>
  					</item>
 					<item id="48">
    						<label>$INFO[Container(50).ListItemAbsolute(48).Label]</label>
						<label2>$INFO[Container(50).ListItemAbsolute(48).FolderPath]</label2>
    						<icon>$INFO[Container(50).ListItemAbsolute(48).icon]</icon>
    						<onclick>setfocus(50, 48, absolute)</onclick>
   						<onclick>Action(Select)</onclick>
   						<onclick>setfocus(1000)</onclick>
						<visible>!String.IsEqual(Container(50).ListItemAbsolute(48).Label,Предыдущая страница...)</visible>
						<visible>!String.IsEqual(Container(50).ListItemAbsolute(48).Label,Следующая страница...)</visible>
						<visible>!String.IsEmpty(Container(50).ListItemAbsolute(48).Label)</visible>
  					</item>
 					<item id="49">
    						<label>$INFO[Container(50).ListItemAbsolute(49).Label]</label>
						<label2>$INFO[Container(50).ListItemAbsolute(49).FolderPath]</label2>
    						<icon>$INFO[Container(50).ListItemAbsolute(49).icon]</icon>
    						<onclick>setfocus(50, 49, absolute)</onclick>
   						<onclick>Action(Select)</onclick>
   						<onclick>setfocus(1000)</onclick>
						<visible>!String.IsEqual(Container(50).ListItemAbsolute(49).Label,Предыдущая страница...)</visible>
						<visible>!String.IsEqual(Container(50).ListItemAbsolute(49).Label,Следующая страница...)</visible>
						<visible>!String.IsEmpty(Container(50).ListItemAbsolute(49).Label)</visible>
  					</item>
 					<item id="50">
    						<label>$INFO[Container(50).ListItemAbsolute(50).Label]</label>
						<label2>$INFO[Container(50).ListItemAbsolute(50).FolderPath]</label2>
    						<icon>$INFO[Container(50).ListItemAbsolute(50).icon]</icon>
    						<onclick>setfocus(50, 50, absolute)</onclick>
   						<onclick>Action(Select)</onclick>
   						<onclick>setfocus(1000)</onclick>
						<visible>!String.IsEqual(Container(50).ListItemAbsolute(50).Label,Предыдущая страница...)</visible>
						<visible>!String.IsEqual(Container(50).ListItemAbsolute(50).Label,Следующая страница...)</visible>
						<visible>!String.IsEmpty(Container(50).ListItemAbsolute(50).Label)</visible>
  					</item>
 					<item id="51">
    						<label>$INFO[Container(50).ListItemAbsolute(51).Label]</label>
						<label2>$INFO[Container(50).ListItemAbsolute(51).FolderPath]</label2>
    						<icon>$INFO[Container(50).ListItemAbsolute(51).icon]</icon>
    						<onclick>setfocus(50, 51, absolute)</onclick>
   						<onclick>Action(Select)</onclick>
   						<onclick>setfocus(1000)</onclick>
						<visible>!String.IsEqual(Container(50).ListItemAbsolute(51).Label,Предыдущая страница...)</visible>
						<visible>!String.IsEqual(Container(50).ListItemAbsolute(51).Label,Следующая страница...)</visible>
						<visible>!String.IsEmpty(Container(50).ListItemAbsolute(51).Label)</visible>
  					</item>
 					<item id="52">
    						<label>$INFO[Container(50).ListItemAbsolute(52).Label]</label>
						<label2>$INFO[Container(50).ListItemAbsolute(52).FolderPath]</label2>
    						<icon>$INFO[Container(50).ListItemAbsolute(52).icon]</icon>
    						<onclick>setfocus(50, 52, absolute)</onclick>
   						<onclick>Action(Select)</onclick>
   						<onclick>setfocus(1000)</onclick>
						<visible>!String.IsEqual(Container(50).ListItemAbsolute(52).Label,Предыдущая страница...)</visible>
						<visible>!String.IsEqual(Container(50).ListItemAbsolute(52).Label,Следующая страница...)</visible>
						<visible>!String.IsEmpty(Container(50).ListItemAbsolute(52).Label)</visible>
  					</item>
 					<item id="53">
    						<label>$INFO[Container(50).ListItemAbsolute(53).Label]</label>
 						<label2>$INFO[Container(50).ListItemAbsolute(53).FolderPath]</label2>
    						<icon>$INFO[Container(50).ListItemAbsolute(53).icon]</icon>
    						<onclick>setfocus(50, 53, absolute)</onclick>
   						<onclick>Action(Select)</onclick>
						<visible>!String.IsEqual(Container(50).ListItemAbsolute(53).Label,Предыдущая страница...)</visible>
						<visible>!String.IsEqual(Container(50).ListItemAbsolute(53).Label,Следующая страница...)</visible>
						<visible>!String.IsEmpty(Container(50).ListItemAbsolute(53).Label)</visible>
  					</item>
 					<item id="54">
    						<label>$INFO[Container(50).ListItemAbsolute(54).Label]</label>
						<label2>$INFO[Container(50).ListItemAbsolute(54).FolderPath]</label2>
    						<icon>$INFO[Container(50).ListItemAbsolute(54).icon]</icon>
    						<onclick>setfocus(50, 54, absolute)</onclick>
   						<onclick>Action(Select)</onclick>
						<visible>!String.IsEqual(Container(50).ListItemAbsolute(54).Label,Предыдущая страница...)</visible>
						<visible>!String.IsEqual(Container(50).ListItemAbsolute(54).Label,Следующая страница...)</visible>
						<visible>!String.IsEmpty(Container(50).ListItemAbsolute(54).Label)</visible>
  					</item>
 					<item id="55">
    						<label>$INFO[Container(50).ListItemAbsolute(55).Label]</label>
						<label2>$INFO[Container(50).ListItemAbsolute(55).FolderPath]</label2>
    						<icon>$INFO[Container(50).ListItemAbsolute(55).icon]</icon>
    						<onclick>setfocus(50, 55, absolute)</onclick>
   						<onclick>Action(Select)</onclick>
						<visible>!String.IsEqual(Container(50).ListItemAbsolute(55).Label,Предыдущая страница...)</visible>
						<visible>!String.IsEqual(Container(50).ListItemAbsolute(55).Label,Следующая страница...)</visible>
						<visible>!String.IsEmpty(Container(50).ListItemAbsolute(55).Label)</visible>
  					</item>
 					<item id="56">
    						<label>$INFO[Container(50).ListItemAbsolute(56).Label]</label>
 						<label2>$INFO[Container(50).ListItemAbsolute(56).FolderPath]</label2>
    						<icon>$INFO[Container(50).ListItemAbsolute(56).icon]</icon>
    						<onclick>setfocus(50, 56, absolute)</onclick>
   						<onclick>Action(Select)</onclick>
						<visible>!String.IsEqual(Container(50).ListItemAbsolute(56).Label,Предыдущая страница...)</visible>
						<visible>!String.IsEqual(Container(50).ListItemAbsolute(56).Label,Следующая страница...)</visible>
						<visible>!String.IsEmpty(Container(50).ListItemAbsolute(56).Label)</visible>
  					</item>
				</content>
			</control>
			<control type="scrollbar" id="60">
				<left>1360</left>
				<top>100</top>
				<width>20</width>
				<height>800</height>
				<texturesliderbackground border="0,28,0,28">ScrollBarV.png</texturesliderbackground>
				<texturesliderbar border="0,28,0,28">ScrollBarV_bar.png</texturesliderbar>
				<texturesliderbarfocus border="0,28,0,28">ScrollBarV_bar_focus.png</texturesliderbarfocus>
				<textureslidernib>ScrollBarNib.png</textureslidernib>
				<textureslidernibfocus>ScrollBarNib.png</textureslidernibfocus>
				<onleft>1000</onleft>
				<onright>1000</onright>
				<showonepage>false</showonepage>
				<orientation>vertical</orientation>
			</control>
		</control>
<!------------PANEL_right---------->
<!------------number_page---------->
		<control type="group">
			<control type="list" id="90">
				<centerleft>50%</centerleft>
					<top>-100</top>
					<width>1500</width>
					<height>200</height>
					<onfocus>setfocus(91, $INFO[Container(90).Position], absolute)</onfocus>
					<onfocus>setfocus(1000)</onfocus>
					<viewtype label="3D list">wrap</viewtype>
					<orientation>Horizontal</orientation>
					<scrolltime tween="sine" easing="out">200</scrolltime>
					<itemlayout width="30" height="40">
					<control type="label">
						<left>0</left>
						<top>0</top>
						<width>40</width>
						<height>40</height>
						<font>font10</font>
						<textcolor>grey</textcolor>
						<aligny>center</aligny>
						<align>center</align>
						<label>$INFO[ListItem.Label]</label>
					</control>
					</itemlayout>
					<focusedlayout height="40" width="30">
					<control type="label">
						<left>0</left>
						<top>0</top>
						<width>40</width>
						<height>40</height>
						<font>font10</font>
						<textcolor>blue2</textcolor>
						<aligny>center</aligny>
						<align>center</align>
						<label>$INFO[ListItem.Label]</label>
					</control>
					</focusedlayout>
					<content>
						<item id="0">
								<label>$NUMBER[1]</label>
								<label2></label2>
								<icon>icon1.png</icon>
							<thumb>thumb1.png</thumb>
								<onclick>setfocus(1000)</onclick>
						</item>
						<item id="1">
							<label>$NUMBER[2]</label>
							<label2>?filters&page=2</label2>
								<icon>icon2.png</icon>
								<thumb>thumb2.png</thumb>
								<onclick>setfocus(1000)</onclick>
						</item>
						<item id="2">
							<label>$NUMBER[3]</label>
							<label2>?filters&page=3</label2>
								<icon>icon2.png</icon>
								<thumb>thumb2.png</thumb>
								<onclick>setfocus(1000)</onclick>
						</item>
						<item id="3">
							<label>$NUMBER[4]</label>
							<label2>?filters&page=4</label2>
								<icon>icon2.png</icon>
								<thumb>thumb2.png</thumb>
								<onclick>setfocus(1000)</onclick>
						</item>
						<item id="4">
							<label>$NUMBER[5]</label>
							<label2>?filters&page=5</label2>
								<icon>icon2.png</icon>
								<thumb>thumb2.png</thumb>
								<onclick>setfocus(1000)</onclick>
						</item>
						<item id="5">
							<label>$NUMBER[6]</label>
							<label2>?filters&page=6</label2>
								<icon>icon2.png</icon>
								<thumb>thumb2.png</thumb>
								<onclick>setfocus(1000)</onclick>
						</item>
						<item id="6">
							<label>$NUMBER[7]</label>
							<label2>?filters&page=7</label2>
								<icon>icon2.png</icon>
								<thumb>thumb2.png</thumb>
								<onclick>setfocus(1000)</onclick>
						</item>
						<item id="7">
							<label>$NUMBER[8]</label>
							<label2>?filters&page=8</label2>
								<icon>icon2.png</icon>
								<thumb>thumb2.png</thumb>
								<onclick>setfocus(1000)</onclick>
						</item>
						<item id="8">
							<label>$NUMBER[9]</label>
							<label2>?filters&page=9</label2>
								<icon>icon2.png</icon>
								<thumb>thumb2.png</thumb>
								<onclick>setfocus(1000)</onclick>
						</item>
						<item id="9">
							<label>$NUMBER[10]</label>
							<label2>?filters&page=10</label2>
								<icon>icon2.png</icon>
								<thumb>thumb2.png</thumb>
								<onclick>setfocus(1000)</onclick>
						</item>
						<item id="10">
							<label>$NUMBER[11]</label>
							<label2>?filters&page=11</label2>
								<icon>icon2.png</icon>
								<thumb>thumb2.png</thumb>
								<onclick>setfocus(1000)</onclick>
						</item>
						<item id="11">
							<label>$NUMBER[12]</label>
							<label2>?filters&page=12</label2>
								<icon>icon2.png</icon>
								<thumb>thumb2.png</thumb>
								<onclick>setfocus(1000)</onclick>
						</item>
						<item id="12">
							<label>$NUMBER[13]</label>
							<label2>?filters&page=13</label2>
								<icon>icon2.png</icon>
								<thumb>thumb2.png</thumb>
								<onclick>setfocus(1000)</onclick>
						</item>
						<item id="13">
							<label>$NUMBER[14]</label>
							<label2>?filters&page=14</label2>
								<icon>icon2.png</icon>
								<thumb>thumb2.png</thumb>
								<onclick>setfocus(1000)</onclick>
						</item>
						<item id="14">
							<label>$NUMBER[15]</label>
							<label2>?filters&page=15</label2>
								<icon>icon2.png</icon>
								<thumb>thumb2.png</thumb>
								<onclick>setfocus(1000)</onclick>
						</item>
						<item id="15">
							<label>$NUMBER[16]</label>
							<label2>?filters&page=16</label2>
								<icon>icon2.png</icon>
								<thumb>thumb2.png</thumb>
								<onclick>setfocus(1000)</onclick>
						</item>
						<item id="16">
							<label>$NUMBER[17]</label>
							<label2>?filters&page=17</label2>
								<icon>icon2.png</icon>
								<thumb>thumb2.png</thumb>
								<onclick>setfocus(1000)</onclick>
						</item>
						<item id="17">
							<label>$NUMBER[18]</label>
							<label2>?filters&page=18</label2>
								<icon>icon2.png</icon>
								<thumb>thumb2.png</thumb>
								<onclick>setfocus(1000)</onclick>
						</item>
						<item id="18">
							<label>$NUMBER[19]</label>
							<label2>?filters&page=19</label2>
								<icon>icon2.png</icon>
								<thumb>thumb2.png</thumb>
								<onclick>setfocus(1000)</onclick>
						</item>
						<item id="19">
							<label>$NUMBER[20]</label>
							<label2>?filters&page=20</label2>
								<icon>icon2.png</icon>
								<thumb>thumb2.png</thumb>
								<onclick>setfocus(1000)</onclick>
						</item>
						<item id="20">
							<label>$NUMBER[21]</label>
							<label2>?filters&page=21</label2>
								<icon>icon2.png</icon>
								<thumb>thumb2.png</thumb>
								<onclick>setfocus(1000)</onclick>
						</item>
						<item id="21">
							<label>$NUMBER[22]</label>
							<label2>?filters&page=22</label2>
								<icon>icon2.png</icon>
								<thumb>thumb2.png</thumb>
								<onclick>setfocus(1000)</onclick>
						</item>
						<item id="22">
							<label>$NUMBER[23]</label>
							<label2>?filters&page=23</label2>
								<icon>icon2.png</icon>
								<thumb>thumb2.png</thumb>
								<onclick>setfocus(1000)</onclick>
						</item>
						<item id="23">
							<label>$NUMBER[24]</label>
							<label2>?filters&page=24</label2>
								<icon>icon2.png</icon>
								<thumb>thumb2.png</thumb>
								<onclick>setfocus(1000)</onclick>
						</item>
						<item id="24">
							<label>$NUMBER[25]</label>
							<label2>?filters&page=25</label2>
								<icon>icon2.png</icon>
								<thumb>thumb2.png</thumb>
								<onclick>setfocus(1000)</onclick>
						</item>
						<item id="25">
							<label>$NUMBER[26]</label>
							<label2>?filters&page=26</label2>
								<icon>icon2.png</icon>
								<thumb>thumb2.png</thumb>
								<onclick>setfocus(1000)</onclick>
						</item>
						<item id="26">
							<label>$NUMBER[27]</label>
							<label2>?filters&page=27</label2>
								<icon>icon2.png</icon>
								<thumb>thumb2.png</thumb>
								<onclick>setfocus(1000)</onclick>
						</item>
						<item id="27">
							<label>$NUMBER[28]</label>
							<label2>?filters&page=28</label2>
								<icon>icon2.png</icon>
								<thumb>thumb2.png</thumb>
								<onclick>setfocus(1000)</onclick>
						</item>
						<item id="28">
							<label>$NUMBER[29]</label>
							<label2>?filters&page=29</label2>
								<icon>icon2.png</icon>
								<thumb>thumb2.png</thumb>
								<onclick>setfocus(1000)</onclick>
						</item>
						<item id="29">
							<label>$NUMBER[30]</label>
							<label2>?filters&page=30</label2>
								<icon>icon2.png</icon>
								<thumb>thumb2.png</thumb>
								<onclick>setfocus(1000)</onclick>
						</item>
						<item id="30">
							<label>$NUMBER[31]</label>
							<label2>?filters&page=31</label2>
								<icon>icon2.png</icon>
								<thumb>thumb2.png</thumb>
								<onclick>setfocus(1000)</onclick>
						</item>
						<item id="31">
							<label>$NUMBER[32]</label>
							<label2>?filters&page=32</label2>
								<icon>icon2.png</icon>
								<thumb>thumb2.png</thumb>
								<onclick>setfocus(1000)</onclick>
						</item>
						<item id="32">
							<label>$NUMBER[33]</label>
							<label2>?filters&page=33</label2>
								<icon>icon2.png</icon>
								<thumb>thumb2.png</thumb>
								<onclick>setfocus(1000)</onclick>
						</item>
						<item id="33">
							<label>$NUMBER[34]</label>
							<label2>?filters&page=34</label2>
								<icon>icon2.png</icon>
								<thumb>thumb2.png</thumb>
								<onclick>setfocus(1000)</onclick>
						</item>
						<item id="34">
							<label>$NUMBER[35]</label>
							<label2>?filters&page=35</label2>
								<icon>icon2.png</icon>
								<thumb>thumb2.png</thumb>
								<onclick>setfocus(1000)</onclick>
						</item>
						<item id="35">
							<label>$NUMBER[36]</label>
							<label2>?filters&page=36</label2>
								<icon>icon2.png</icon>
								<thumb>thumb2.png</thumb>
								<onclick>setfocus(1000)</onclick>
						</item>
						<item id="36">
							<label>$NUMBER[37]</label>
							<label2>?filters&page=37</label2>
								<icon>icon2.png</icon>
								<thumb>thumb2.png</thumb>
								<onclick>setfocus(1000)</onclick>
						</item>
						<item id="37">
							<label>$NUMBER[38]</label>
							<label2>?filters&page=38</label2>
								<icon>icon2.png</icon>
								<thumb>thumb2.png</thumb>
								<onclick>setfocus(1000)</onclick>
						</item>
						<item id="38">
							<label>$NUMBER[39]</label>
							<label2>?filters&page=39</label2>
								<icon>icon2.png</icon>
								<thumb>thumb2.png</thumb>
								<onclick>setfocus(1000)</onclick>
						</item>
						<item id="39">
							<label>$NUMBER[40]</label>
							<label2>?filters&page=40</label2>
								<icon>icon2.png</icon>
								<thumb>thumb2.png</thumb>
								<onclick>setfocus(1000)</onclick>
						</item>
						<item id="40">
							<label>$NUMBER[41]</label>
							<label2>?filters&page=41</label2>
								<icon>icon2.png</icon>
								<thumb>thumb2.png</thumb>
								<onclick>setfocus(1000)</onclick>
						</item>
						<item id="41">
							<label>$NUMBER[42]</label>
							<label2>?filters&page=42</label2>
								<icon>icon2.png</icon>
								<thumb>thumb2.png</thumb>
								<onclick>setfocus(1000)</onclick>
						</item>
						<item id="42">
							<label>$NUMBER[43]</label>
							<label2>?filters&page=43</label2>
								<icon>icon2.png</icon>
								<thumb>thumb2.png</thumb>
								<onclick>setfocus(1000)</onclick>
						</item>
						<item id="43">
							<label>$NUMBER[44]</label>
							<label2>?filters&page=44</label2>
								<icon>icon2.png</icon>
								<thumb>thumb2.png</thumb>
								<onclick>setfocus(1000)</onclick>
						</item>
						<item id="44">
							<label>$NUMBER[45]</label>
							<label2>?filters&page=45</label2>
								<icon>icon2.png</icon>
								<thumb>thumb2.png</thumb>
								<onclick>setfocus(1000)</onclick>
						</item>
						<item id="45">
							<label>$NUMBER[46]</label>
							<label2>?filters&page=46</label2>
							<onclick>setfocus(1000)</onclick>
						</item>
						<item id="46">
							<label>$NUMBER[47]</label>
							<label2>?filters&page=47</label2>
							<onclick>setfocus(1000)</onclick>
						</item>
						<item id="47">
							<label>$NUMBER[48]</label>
							<label2>?filters&page=48</label2>
							<onclick>setfocus(1000)</onclick>
						</item>

						<item id="48">
							<label>$NUMBER[49]</label>
							<label2>?filters&page=49</label2>
							<onclick>setfocus(1000)</onclick>
						</item>
						<item id="49">
							<label>$NUMBER[50]</label>
							<label2>?filters&page=50</label2>
							<onclick>setfocus(1000)</onclick>
						</item>
					</content>
				</control>
		<control type="list" id="91">
      			<left>20</left>
      			<top>60r</top>
      			<width>1900</width>
      			<height>200</height>
			<onup>setfocus(90)</onup>
      			<ondown>1000</ondown>
      			<onleft>91</onleft>
      			<onright>91</onright>
     			<viewtype label="3D list">wrap</viewtype>
			<orientation>Horizontal</orientation>
      			<scrolltime tween="sine" easing="out">200</scrolltime>
     			<itemlayout width="37" height="40">
				<control type="image">
					<left>0</left>
					<top>0</top>
					<width>35</width>
					<height>35</height>
					<texture border="5" colordiffuse="grey4">videoosd/fon_button.png</texture>
      					<bordertexture border="5">videoosd/shadow button.png</bordertexture>
				</control>
				<control type="label">
					<left>-2</left>
					<top>-2</top>
					<width>40</width>
					<height>40</height>
					<font>font12</font>
					<textcolor>grey</textcolor>
					<aligny>center</aligny>
					<align>center</align>
					<label>$INFO[ListItem.Label]</label>
				</control>
     			</itemlayout>
      			<focusedlayout height="40" width="37">
				<control type="image">
					<left>0</left>
					<top>0</top>
					<width>35</width>
					<height>35</height>
					<texture border="5" colordiffuse="grey3">videoosd/fon_button.png</texture>
      					<bordertexture border="5">videoosd/shadow button.png</bordertexture>
				</control>
				<control type="label">
					<left>-2</left>
					<top>-2</top>
					<width>40</width>
					<height>40</height>
					<font>font12</font>
					<textcolor>blue2</textcolor>
					<aligny>center</aligny>
					<align>center</align>
					<label>$INFO[ListItem.Label]</label>
				</control>
      				</focusedlayout>
					<content>
  					<item id="0">
   						<label>$NUMBER[1]</label>
    						<onclick>setfocus(90, 0, absolute)</onclick>
						<onclick>setfocus(91)</onclick>
  					</item>
  					<item id="1">
   						<label>$NUMBER[2]</label>
    						<onclick>setfocus(90, 1, absolute)</onclick>
						<onclick>setfocus(91)</onclick>
  					</item>
  					<item id="2">
   						<label>$NUMBER[3]</label>
    						<onclick>setfocus(90, 2, absolute)</onclick>
						<onclick>setfocus(91)</onclick>
  					</item>
  					<item id="3">
   						<label>$NUMBER[4]</label>
    						<onclick>setfocus(90, 3, absolute)</onclick>
						<onclick>setfocus(91)</onclick>
  					</item>
  					<item id="5">
   						<label>$NUMBER[5]</label>
    						<onclick>setfocus(90, 4, absolute)</onclick>
						<onclick>setfocus(91)</onclick>
  					</item>
  					<item id="6">
   						<label>$NUMBER[6]</label>
    						<onclick>setfocus(90, 5, absolute)</onclick>
						<onclick>setfocus(91)</onclick>
  					</item>
  					<item id="7">
   						<label>$NUMBER[7]</label>
    						<onclick>setfocus(90, 6, absolute)</onclick>
						<onclick>setfocus(91)</onclick>
  					</item>
  					<item id="8">
   						<label>$NUMBER[8]</label>
    						<onclick>setfocus(90, 7, absolute)</onclick>
						<onclick>setfocus(91)</onclick>
  					</item>
  					<item id="9">
   						<label>$NUMBER[9]</label>
    						<onclick>setfocus(90, 8, absolute)</onclick>
						<onclick>setfocus(91)</onclick>
  					</item>
  					<item id="10">
   						<label>$NUMBER[10]</label>
    						<onclick>setfocus(90, 9, absolute)</onclick>
						<onclick>setfocus(91)</onclick>
  					</item>
  					<item id="11">
   						<label>$NUMBER[11]</label>
    						<onclick>setfocus(90, 10, absolute)</onclick>
						<onclick>setfocus(91)</onclick>
  					</item>
  					<item id="12">
   						<label>$NUMBER[12]</label>
    						<onclick>setfocus(90, 11, absolute)</onclick>
						<onclick>setfocus(91)</onclick>
  					</item>
  					<item id="13">
   						<label>$NUMBER[13]</label>
    						<onclick>setfocus(90, 12, absolute)</onclick>
						<onclick>setfocus(91)</onclick>
  					</item>
  					<item id="14">
   						<label>$NUMBER[14]</label>
    						<onclick>setfocus(90, 13, absolute)</onclick>
						<onclick>setfocus(91)</onclick>
  					</item>
  					<item id="15">
   						<label>$NUMBER[15]</label>
    						<onclick>setfocus(90, 14, absolute)</onclick>
						<onclick>setfocus(91)</onclick>
  					</item>
  					<item id="16">
   						<label>$NUMBER[16]</label>
    						<onclick>setfocus(90, 15, absolute)</onclick>
						<onclick>setfocus(91)</onclick>
  					</item>
  					<item id="17">
   						<label>$NUMBER[17]</label>
    						<onclick>setfocus(90, 16, absolute)</onclick>
						<onclick>setfocus(91)</onclick>
  					</item>
  					<item id="18">
   						<label>$NUMBER[18]</label>
    						<onclick>setfocus(90, 17, absolute)</onclick>
						<onclick>setfocus(91)</onclick>
  					</item>
  					<item id="19">
   						<label>$NUMBER[19]</label>
    						<onclick>setfocus(90, 18, absolute)</onclick>
						<onclick>setfocus(91)</onclick>
  					</item>
  					<item id="20">
   						<label>$NUMBER[20]</label>
    						<onclick>setfocus(90, 19, absolute)</onclick>
						<onclick>setfocus(91)</onclick>
  					</item>
  					<item id="21">
   						<label>$NUMBER[21]</label>
    						<onclick>setfocus(90, 20, absolute)</onclick>
						<onclick>setfocus(91)</onclick>
  					</item>
  					<item id="22">
   						<label>$NUMBER[22]</label>
    						<onclick>setfocus(90, 21, absolute)</onclick>
						<onclick>setfocus(91)</onclick>
  					</item>
  					<item id="23">
   						<label>$NUMBER[23]</label>
    						<onclick>setfocus(90, 22, absolute)</onclick>
						<onclick>setfocus(91)</onclick>
  					</item>
  					<item id="24">
   						<label>$NUMBER[24]</label>
    						<onclick>setfocus(90, 23, absolute)</onclick>
						<onclick>setfocus(91)</onclick>
  					</item>
  					<item id="25">
   						<label>$NUMBER[25]</label>
    						<onclick>setfocus(90, 24, absolute)</onclick>
						<onclick>setfocus(91)</onclick>
  					</item>
  					<item id="26">
   						<label>$NUMBER[26]</label>
    						<onclick>setfocus(90, 25, absolute)</onclick>
						<onclick>setfocus(91)</onclick>
  					</item>
  					<item id="27">
   						<label>$NUMBER[27]</label>
    						<onclick>setfocus(90, 26, absolute)</onclick>
						<onclick>setfocus(91)</onclick>
  					</item>
  					<item id="28">
   						<label>$NUMBER[28]</label>
    						<onclick>setfocus(90, 27, absolute)</onclick>
						<onclick>setfocus(91)</onclick>
  					</item>
  					<item id="29">
   						<label>$NUMBER[29]</label>
    						<onclick>setfocus(90, 28, absolute)</onclick>
						<onclick>setfocus(91)</onclick>
  					</item>
  					<item id="30">
   						<label>$NUMBER[30]</label>
    						<onclick>setfocus(90, 29, absolute)</onclick>
						<onclick>setfocus(91)</onclick>
  					</item>
  					<item id="31">
   						<label>$NUMBER[31]</label>
    						<onclick>setfocus(90, 30, absolute)</onclick>
						<onclick>setfocus(91)</onclick>
  					</item>
  					<item id="32">
   						<label>$NUMBER[32]</label>
    						<onclick>setfocus(90, 31, absolute)</onclick>
						<onclick>setfocus(91)</onclick>
  					</item>
  					<item id="33">
   						<label>$NUMBER[33]</label>
    						<onclick>setfocus(90, 32, absolute)</onclick>
						<onclick>setfocus(91)</onclick>
  					</item>
  					<item id="34">
   						<label>$NUMBER[34]</label>
    						<onclick>setfocus(90, 33, absolute)</onclick>
						<onclick>setfocus(91)</onclick>
  					</item>
  					<item id="35">
   						<label>$NUMBER[35]</label>
    						<onclick>setfocus(90, 34, absolute)</onclick>
						<onclick>setfocus(91)</onclick>
  					</item>
  					<item id="36">
   						<label>$NUMBER[36]</label>
    						<onclick>setfocus(90, 35, absolute)</onclick>
						<onclick>setfocus(91)</onclick>
  					</item>
  					<item id="37">
   						<label>$NUMBER[37]</label>
    						<onclick>setfocus(90, 36, absolute)</onclick>
						<onclick>setfocus(91)</onclick>
  					</item>
  					<item id="38">
   						<label>$NUMBER[38]</label>
    						<onclick>setfocus(90, 37, absolute)</onclick>
						<onclick>setfocus(91)</onclick>
  					</item>
  					<item id="39">
   						<label>$NUMBER[39]</label>
    						<onclick>setfocus(90, 38, absolute)</onclick>
						<onclick>setfocus(91)</onclick>
  					</item>
  					<item id="40">
   						<label>$NUMBER[40]</label>
    						<onclick>setfocus(90, 39, absolute)</onclick>
						<onclick>setfocus(91)</onclick>
  					</item>
  					<item id="41">
   						<label>$NUMBER[41]</label>
    						<onclick>setfocus(90, 40, absolute)</onclick>
						<onclick>setfocus(91)</onclick>
  					</item>
  					<item id="42">
   						<label>$NUMBER[42]</label>
    						<onclick>setfocus(90, 41, absolute)</onclick>
						<onclick>setfocus(91)</onclick>
  					</item>
  					<item id="43">
   						<label>$NUMBER[43]</label>
    						<onclick>setfocus(90, 42, absolute)</onclick>
						<onclick>setfocus(91)</onclick>
  					</item>
  					<item id="44">
   						<label>$NUMBER[44]</label>
    						<onclick>setfocus(90, 43, absolute)</onclick>
						<onclick>setfocus(91)</onclick>
  					</item>
  					<item id="45">
   						<label>$NUMBER[45]</label>
    						<onclick>setfocus(90, 44, absolute)</onclick>
						<onclick>setfocus(91)</onclick>
  					</item>
  					<item id="46">
   						<label>$NUMBER[46]</label>
    						<onclick>setfocus(90, 45, absolute)</onclick>
						<onclick>setfocus(91)</onclick>
  					</item>
  					<item id="47">
   						<label>$NUMBER[47]</label>
    						<onclick>setfocus(90, 46, absolute)</onclick>
						<onclick>setfocus(91)</onclick>
  					</item>
  					<item id="48">
   						<label>$NUMBER[48]</label>
    						<onclick>setfocus(90, 47, absolute)</onclick>
						<onclick>setfocus(91)</onclick>
  					</item>
  					<item id="49">
   						<label>$NUMBER[49]</label>
    						<onclick>setfocus(90, 48, absolute)</onclick>
						<onclick>setfocus(91)</onclick>
  					</item>
  					<item id="50">
   						<label>$NUMBER[50]</label>
    						<onclick>setfocus(90, 49, absolute)</onclick>
						<onclick>setfocus(91)</onclick>
  					</item>
					</content>
				</control>
			</control>


<!------------number_page---------->



			<control type="label" id="1">
				<right>30</right>
				<top>8</top>
				<width>300</width>
				<height>45</height>
				<align>right</align>
				<aligny>center</aligny>
				<font>font28_title</font>
				<textcolor>grey</textcolor>
				<shadowcolor>black</shadowcolor>
				<label>$INFO[System.Time]</label>
			</control>
			<control type="label" id="1">
				<right>300</right>
				<top>8</top>
				<width>3000</width>
				<height>45</height>
				<align>right</align>
				<aligny>center</aligny>
				<font>font10</font>
				<textcolor>grey</textcolor>
				<shadowcolor>black</shadowcolor>
				<label>$INFO[Container(1000).ListItem.Label2]</label>
			</control>
	</controls>
</window>
