<?xml version="1.0" encoding="UTF-8"?>
<window type="window" id="1118">
	<defaultcontrol always="true">1000</defaultcontrol>
	<onload condition="String.IsEqual(Container(1000).NumItems,0)">setfocus(11)</onload>
	<controls>
		<include>CommonBackground</include>
		<control type="group">
			<animation effect="slide" start="-550,0" end="0" time="200">WindowOpen</animation>
			<animation effect="slide" start="0" end="-550,0" time="200">WindowClose</animation>
			<left>10</left>

				<control type="button" id="21">
					<left>-600</left>
					<top>65</top>
					<width>68</width>
					<height>68</height>
					<onclick>ActivateWindow(gamesettings)</onclick>
					<texturefocus colordiffuse="blue2">icons/system.png</texturefocus>
					<texturenofocus>icons/system.png</texturenofocus>
					<onleft>22</onleft>
					<onright>22</onright>
					<onup>setfocus(11, $INFO[Container(11).NumItems], absolute)</onup>
					<ondown>11</ondown>
				</control>
				<control type="button" id="22">
					<left>-500</left>
					<top>65</top>
					<width>68</width>
					<height>68</height>
					<onclick>ActivateWindow(gamecontrollers)</onclick>
					<texturefocus colordiffuse="blue2">icons/games.png</texturefocus>
					<texturenofocus>icons/games.png</texturenofocus>
					<onleft>21</onleft>
					<onright>21</onright>
					<onup>setfocus(11, $INFO[Container(11).NumItems], absolute)</onup>
					<ondown>11</ondown>
				</control>














			<control type="image" id="1">
				<left>0</left>
				<top>50</top>
				<width>500</width>
				<height>88%</height>
				<texture border="5" colordiffuse="grey4">videoosd/fon_button.png</texture>
      				<bordertexture border="5">videoosd/shadow button.png</bordertexture>
			</control>
			<control type="list" id="11">
				<left>0</left>
				<top>155</top>
				<width>500</width>
				<height>1000</height>
				<onright>1000</onright>
				<onup>22</onup>
				<ondown>11</ondown>
				<pagecontrol>610</pagecontrol>
				<viewtype label="Info 2">list</viewtype>
				<scrolltime>50</scrolltime>
				<itemlayout height="74.5" width="500">

                    			<control type="image">
                            			<left>5</left>
                            			<top>15</top>
                           			<width>40</width>
                            			<height>40</height>
                            			<texture colordiffuse="grey3">$INFO[ListItem.Icon]</texture>
                    			</control>
					<control type="label">
						<posx>50</posx>
						<posy>0</posy>
						<width>500</width>
						<height>69</height>
						<font>font14</font>
						<textcolor>grey3</textcolor>
						<align>left</align>
						<aligny>center</aligny>
						<label>$INFO[ListItem.Label]</label>
					</control>
				</itemlayout>
				<focusedlayout height="74.5" width="500">
					<control type="image">
						<left>5</left>
						<top>0</top>
						<width>490</width>
						<height>69</height>
						<texture border="5" colordiffuse="grey4">videoosd/fon_button.png</texture>
      						<bordertexture border="5">videoosd/shadow button.png</bordertexture>
						<visible>Control.HasFocus(1000) | Control.HasFocus(60)</visible>
					</control>
					<control type="image">
						<left>5</left>
						<top>0</top>
						<width>490</width>
						<height>69</height>
						<texture border="5" colordiffuse="grey3">videoosd/fon_button.png</texture>
      						<bordertexture border="5">videoosd/shadow button.png</bordertexture>
						<visible>Control.HasFocus(11)</visible>
					</control>
                    			<control type="image">
                            			<left>5</left>
                            			<top>15</top>
                            			<width>40</width>
                            			<height>40</height>
                            			<texture colordiffuse="grey">$INFO[ListItem.Icon]</texture>
                   	 		</control>
					<control type="label">
						<posx>50</posx>
						<posy>0</posy>
						<width>500</width>
						<height>69</height>
						<font>font14</font>
						<textcolor>grey</textcolor>
						<align>left</align>
						<aligny>center</aligny>
						<label>$INFO[ListItem.Label]</label>
						<visible>!Control.HasFocus(11)</visible>
					</control>
					<control type="label">
						<posx>50</posx>
						<posy>0</posy>
						<width>500</width>
						<height>69</height>
						<font>font14</font>
						<textcolor>grey</textcolor>
						<align>left</align>
						<aligny>center</aligny>
						<label>$INFO[ListItem.Label]</label>
						<visible>Control.HasFocus(11)</visible>
					</control>
				</focusedlayout>
				<content>
  					<item id="0">
   						<label>Android приложения</label>
    						<label2>androidapp://sources/apps</label2>
						<icon>icons/android.png</icon>
    						<onclick>setfocus(1000)</onclick>
  					</item>
  					<item id="1">
    						<label>KODI дополнения</label>
    						<!--label2>addons://sources/executable</label2-->
   						<label2>addons://user/all</label2>
						<icon>icons/kodi.png</icon>
    						<onclick>setfocus(1000)</onclick>
  					</item>
				</content>
			</control>
		</control>











		<control type="group">
			<animation effect="slide" start="1450,0" end="0" time="200">WindowOpen</animation>
			<animation effect="slide" start="0" end="1450,0" time="200">WindowClose</animation>
			<left>520</left>
			<top>50</top>
			<control type="image" id="1">
				<left>0</left>
				<top>0</top>
				<width>1390</width>
				<height>92%</height>
				<texture border="5" colordiffuse="grey4">videoosd/fon_button.png</texture>
      				<bordertexture border="5">videoosd/shadow button.png</bordertexture>
			</control>
			<control type="panel" id="1000">
				<left>0</left>
				<top>100</top>
				<bottom>90</bottom>
				<width>1400</width>
				<!--height>800</height-->
				<onleft>11</onleft>
				<onright condition="Control.IsVisible(60)">60</onright>
				<onright condition="!Control.IsVisible(60)">1000</onright>

				<onup>1000</onup>
				<ondown>1000</ondown>
				<viewtype label="21371">list</viewtype>
				<pagecontrol>60</pagecontrol>
				<scrolltime>200</scrolltime>
				<preloaditems>2</preloaditems>
				<itemlayout height="280" width="270">
					<control type="image">
						<left>40</left>
						<top>0</top>
						<width>200</width>
						<height>200</height>
						<aspectratio>scale</aspectratio>
						<texture diffuse="diffuse_fon.png">$INFO[Listitem.Icon]</texture>
					</control>
					<control type="label">
						<left>15</left>
						<top>215</top>
						<width>250</width>
						<height>38</height>
						<font>font12</font>
						<textcolor>grey3</textcolor>
						<align>center</align>
						<aligny>center</aligny>
						<label>$INFO[ListItem.Label]</label>
					</control>
				</itemlayout>
				<focusedlayout height="280" width="270">
					<control type="image">
						<left>40</left>
						<top>0</top>
						<width>200</width>
						<height>200</height>
						<texture border="5" colordiffuse="grey3">videoosd/fon_button.png</texture>
      				<bordertexture border="5">videoosd/shadow button.png</bordertexture>
<animation reversible="false" effect="zoom" start="40,0,200,200" end="10,-30,255,285" time="100">focus</animation>
<animation reversible="false" effect="zoom" end="40,0,200,200" start="10,-30,255,285" time="100">unfocus</animation>
					</control>
					<control type="image">
						<left>40</left>
						<top>0</top>
						<width>200</width>
						<height>200</height>
						<aspectratio>scale</aspectratio>
						<texture diffuse="diffuse_fon.png">$INFO[Listitem.Icon]</texture>
<animation reversible="false" effect="zoom" start="0,0,200,200" end="-30,-20,240,240" time="100">focus</animation>
<animation reversible="false" effect="zoom" end="0,0,200,200" start="-30,-20,240,240" time="100">unfocus</animation>
					</control>
					<control type="label">
						<left>15</left>
						<top>215</top>
						<width>250</width>
						<height>38</height>
						<font>font12</font>
						<textcolor>grey</textcolor>
						<align>center</align>
						<aligny>center</aligny>
						<label>[B]$INFO[ListItem.Label][/B]</label>
					</control>
				</focusedlayout>
			<content>$INFO[Container(11).Listitem.Label2]</content>
			</control>


			<control type="scrollbar" id="60">
				<left>1350</left>
				<top>100</top>
				<width>38</width>
				<height>800</height>
				<texturesliderbackground border="0,28,0,28">ScrollBarV.png</texturesliderbackground>
				<texturesliderbar border="0,28,0,28">ScrollBarV_bar.png</texturesliderbar>
				<texturesliderbarfocus border="0,28,0,28">ScrollBarV_bar_focus.png</texturesliderbarfocus>
				<textureslidernib>ScrollBarNib.png</textureslidernib>
				<textureslidernibfocus>ScrollBarNib.png</textureslidernibfocus>
				<onleft>1000</onleft>
				<onright>1000</onright>
				<showonepage>false</showonepage>
				<orientation>vertical</orientation>
			</control>
		</control>
			<control type="label" id="1">
				<right>30</right>
				<top>8</top>
				<width>300</width>
				<height>45</height>
				<align>right</align>
				<aligny>center</aligny>
				<font>font28_title</font>
				<textcolor>grey</textcolor>
				<shadowcolor>black</shadowcolor>
				<label>$INFO[System.Time]</label>
			</control>
	</controls>
</window>
