<?xml version="1.0" encoding="UTF-8"?>
<window type="window" id="1116">
	<defaultcontrol always="true">1000</defaultcontrol>
	<views>50</views>

	<controls>
		<include>CommonBackground</include>
		<control type="group" id="1001">
			<animation effect="slide" start="-550,0" end="0" time="200">WindowOpen</animation>
			<animation effect="slide" start="0" end="-550,0" time="200">WindowClose</animation>
			<left>10</left>
			<control type="image" id="1">
				<left>0</left>
				<top>50</top>
				<width>500</width>
				<height>88%</height>
				<texture border="5" colordiffuse="grey4">videoosd/fon_button.png</texture>
      				<bordertexture border="5">videoosd/shadow button.png</bordertexture>
			</control>
				<control type="button" id="21">
					<left>-600</left>
					<top>65</top>
					<width>68</width>
					<height>68</height>
					<onclick>ActivateWindow(gamesettings)</onclick>
					<texturefocus colordiffuse="blue2">icons/system.png</texturefocus>
					<texturenofocus>icons/system.png</texturenofocus>
					<onleft>22</onleft>
					<onright>22</onright>
					<onup>setfocus(11, $INFO[Container(11).NumItems], absolute)</onup>
					<ondown>11</ondown>
				</control>
				<control type="button" id="22">
					<left>-500</left>
					<top>65</top>
					<width>68</width>
					<height>68</height>
					<onclick>ActivateWindow(gamecontrollers)</onclick>
					<texturefocus colordiffuse="blue2">icons/games.png</texturefocus>
					<texturenofocus>icons/games.png</texturenofocus>
					<onleft>21</onleft>
					<onright>21</onright>
					<onup>setfocus(11, $INFO[Container(11).NumItems], absolute)</onup>
					<ondown>11</ondown>
				</control>
			<control type="list" id="11">
				<left>0</left>
				<top>155</top>
				<width>500</width>
				<height>1000</height>
				<onright>1000</onright>
				<onup>22</onup>
				<ondown>11</ondown>
				<pagecontrol>610</pagecontrol>
				<viewtype label="Info 2">list</viewtype>
				<scrolltime>50</scrolltime>
				<itemlayout height="74.5" width="770">
					<control type="label">
						<left>5</left>
						<top>0</top>
						<width>500</width>
						<height>69</height>
						<font>font14</font>
						<textcolor>grey2</textcolor>
						<align>left</align>
						<aligny>center</aligny>
						<label>$INFO[ListItem.Label]</label>
					</control>
				</itemlayout>
				<focusedlayout height="74.5" width="900">
					<control type="image">
						<left>5</left>
						<top>0</top>
						<width>490</width>
						<height>69</height>
						<texture border="5" colordiffuse="grey4">videoosd/fon_button.png</texture>
      						<bordertexture border="5">videoosd/shadow button.png</bordertexture>
						<visible>Control.HasFocus(1000) | Control.HasFocus(60)</visible>
					</control>
					<control type="image">
						<left>5</left>
						<top>0</top>
						<width>490</width>
						<height>69</height>
						<texture border="5" colordiffuse="grey3">videoosd/fon_button.png</texture>
      						<bordertexture border="5">videoosd/shadow button.png</bordertexture>
						<visible>Control.HasFocus(11)</visible>
					</control>

					<control type="label">
						<left>5</left>
						<top>0</top>
						<width>500</width>
						<height>69</height>
						<font>font14</font>
						<textcolor>blue2</textcolor>
						<align>left</align>
						<aligny>center</aligny>
						<label>$INFO[ListItem.Label]</label>
					</control>
				</focusedlayout>
			<content>
  				<item id="0">
    					<label>Nintendo Entertainment System</label>
    					<label2>davs://webdav.yandex.ru/yandex_disk_C/Games/NES/</label2>
    					<icon>icon1.png</icon>
   	 				<thumb>thumb1.png</thumb>
    					<onclick>setfocus(1000)</onclick>
  				</item>
  				<item id="1">
   					<label>Super Nintendo</label>
   					<label2>davs://webdav.yandex.ru/yandex_disk_C/Games/SNES/</label2>
    					<icon></icon>
    					<thumb>thumb2.png</thumb>
    					<onclick>setfocus(1000)</onclick>
  				</item>
  				<item id="2">
    					<label>Sega Master System</label>
    					<label2>davs://webdav.yandex.ru/yandex_disk_C/Games/SMS/</label2>
    					<icon></icon>
    					<thumb></thumb>
    					<onclick>setfocus(1000)</onclick>
  				</item>
  				<item id="3">
    					<label>Sega Game Gear</label>
    					<label2>davs://webdav.yandex.ru/yandex_disk_C/Games/gg/</label2>
    					<icon></icon>
    					<thumb></thumb>
    					<onclick>setfocus(1000)</onclick>
  				</item>
  				<item id="4">
    					<label>Nintendo Gameboy Advance</label>
    					<label2>davs://webdav.yandex.ru/yandex_disk_C/Games/gba/</label2>
    					<icon></icon>
    					<thumb></thumb>
    					<onclick>setfocus(1000)</onclick>
  				</item>
			</content>
			</control>
		</control>


		<control type="group">
			<left>520</left>
			<top>50</top>
			<animation effect="slide" start="1450,0" end="0" time="200">WindowOpen</animation>
			<animation effect="slide" start="0" end="1450,0" time="200">WindowClose</animation>
			<control type="image" id="1">
				<left>0</left>
				<top>0</top>
				<width>1390</width>
				<height>92%</height>
				<texture border="5" colordiffuse="grey4">videoosd/fon_button.png</texture>
      				<bordertexture border="5">videoosd/shadow button.png</bordertexture>
			</control>
			<control type="label" id="1">
				<centerleft>50%</centerleft>
				<top>8</top>
				<width>500</width>
				<height>45</height>
				<align>center</align>
				<aligny>center</aligny>
				<font>font14</font>
				<textcolor>grey</textcolor>
				<shadowcolor>black</shadowcolor>
				<label>$INFO[Container(11).Listitem.Label]</label>
			</control>
			<control type="panel" id="1000">
				<left>10</left>
				<top>100</top>
				<width>1400</width>
				<height>840</height>
				<onleft>11</onleft>
		<onclick condition="String.Contains(ListItem.FileExtension,nes)">RunAddon(game.libretro.nes,$INFO[ListItem.FolderPath])</onclick>
		<onclick condition="String.Contains(ListItem.FileExtension,sfc)">RunAddon(game.libretro.snes,$INFO[ListItem.FolderPath])</onclick>
		<onclick condition="String.Contains(ListItem.FileExtension,sms)">RunAddon(game.libretro.smsplus,$INFO[ListItem.FolderPath])</onclick>
		<onclick condition="String.Contains(ListItem.FileExtension,gg)">RunAddon(game.libretro.smsplus,$INFO[ListItem.FolderPath])</onclick>
		<onclick condition="String.Contains(ListItem.FileExtension,gba)">RunAddon(game.libretro.gba,$INFO[ListItem.FolderPath])</onclick>
				<onright condition="Control.IsVisible(60)">60</onright>
				<onright condition="!Control.IsVisible(60)">1000</onright>
				<onup>1000</onup>
				<ondown>1000</ondown>
				<viewtype label="21371">list</viewtype>
				<pagecontrol>60</pagecontrol>
				<scrolltime>200</scrolltime>
				<preloaditems>2</preloaditems>
				<orientation>vertical</orientation>
				<itemlayout height="420" width="270">
					<!--<control type="image">
						<left>1</left>
						<top>1</top>
						<width>278</width>
						<height>418</height>
						<aspectratio>scale</aspectratio>
						<texture border="200,-500,200,-500" colordiffuse="grey4">videoosd/fon_button.png</texture>
      						<bordertexture border="5">videoosd/shadow button.png</bordertexture>
					</control>-->
					<control type="image">
						<left>15</left>
						<top>5</top>
						<width>250</width>
						<height>350</height>
      						<bordersize>1</bordersize>
		<texture colordiffuse="grey2">$INFO[ListItem.FileName,davs://webdav.yandex.ru/yandex_disk_C/Games/imgs/,.jpg]</texture>
					</control>
					<control type="label">
						<centerleft>50%</centerleft>
						<top>380</top>
						<width>280</width>
						<height>38</height>
						<font>font12</font>
						<textcolor>grey2</textcolor>
						<align>center</align>
						<aligny>center</aligny>
						<label>$INFO[ListItem.Label]</label>
					</control>
				</itemlayout>
				<focusedlayout height="420" width="270">
					<control type="image">
						<left>15</left>
						<top>5</top>
						<width>250</width>
						<height>350</height>
						<texture border="5" colordiffuse="grey3">videoosd/fon_button.png</texture>
      						<bordertexture border="5">videoosd/shadow button.png</bordertexture>
<animation reversible="false" effect="zoom" start="15,5,250,350" end="-2,-7,284,430" time="100">focus</animation>
<animation reversible="false" effect="zoom" end="15,5,250,350" start="-2,-7,284,430" time="100">unfocus</animation>
					</control>
					<control type="image">
						<left>15</left>
						<top>5</top>
						<width>250</width>
						<height>350</height>
      						<bordersize>1</bordersize>
			<texture>$INFO[ListItem.FileName,davs://webdav.yandex.ru/yandex_disk_C/Games/imgs/,.jpg]</texture>
<!--bordertexture border="20" colordiffuse="blue2">border_fon.png</bordertexture-->
<animation reversible="false" effect="zoom" start="15,5,250,350" end="2,-2,276,376" time="100">focus</animation>
<animation reversible="false" effect="zoom" end="15,5,250,350" start="2,-2,276,376" time="100">unfocus</animation>
					</control>
					<control type="label">
						<left>0</left>
						<top>380</top>
						<width>280</width>
						<height>38</height>
						<font>font12</font>
						<textcolor>blue2</textcolor>
						<selectedcolor>selected</selectedcolor>
						<align>center</align>
						<aligny>center</aligny>
						<label>$INFO[ListItem.Label]</label>
					</control>
				</focusedlayout>
			<content>$INFO[Container(11).Listitem.Label2]</content>
			</control>
			<control type="scrollbar" id="60">
				<left>1350</left>
				<top>100</top>
				<width>38</width>
				<height>800</height>
				<texturesliderbackground border="0,28,0,28">ScrollBarV.png</texturesliderbackground>
				<texturesliderbar border="0,28,0,28">ScrollBarV_bar.png</texturesliderbar>
				<texturesliderbarfocus border="0,28,0,28">ScrollBarV_bar_focus.png</texturesliderbarfocus>
				<textureslidernib>ScrollBarNib.png</textureslidernib>
				<textureslidernibfocus>ScrollBarNib.png</textureslidernibfocus>
				<onleft>1000</onleft>
				<onright>1000</onright>
				<showonepage>false</showonepage>
				<orientation>vertical</orientation>
			</control>

		</control>
			<control type="label" id="1">
				<right>30</right>
				<top>8</top>
				<width>300</width>
				<height>45</height>
				<align>right</align>
				<aligny>center</aligny>
				<font>font28_title</font>
				<textcolor>grey</textcolor>
				<shadowcolor>black</shadowcolor>
				<label>$INFO[System.Time]</label>
			</control>




			<!--control type="label" id="1">
				<right>300</right>
				<top>8</top>
				<width>300</width>
				<height>45</height>
				<align>right</align>
				<aligny>center</aligny>
				<font>font28_title</font>
				<textcolor>grey</textcolor>
				<shadowcolor>black</shadowcolor>
				<label>$INFO[ListItem.FileExtension]</label>
			</control-->
	</controls>
</window>
