<?xml version="1.0" encoding="UTF-8"?>
<window type="dialog" id="1198">
	<defaultcontrol always="true">8010</defaultcontrol>
	<controls>
		<control type="button" id="8010">
			<left>600</left>
			<texturefocus></texturefocus>
			<texturenofocus></texturenofocus>
			<ondown>Dialog.Close(1198, true)</ondown>
			<visible>!Player.ShowInfo</visible>
		</control>


		<control type="image" id="1">
			<left>0</left>
			<top>0</top>
			<width>100%</width>
			<height>350</height>
			<texture colordiffuse="black">fon.png</texture>
			<visible>PVR.IsPlayingTV</visible>
		</control>
		<control type="image">
			<left>-10</left>
			<top>40</top>
			<width>470</width>
			<height>233</height>
			<aspectratio>keep</aspectratio>
			<texture>$INFO[PVR.EpgEventIcon]</texture>
			<bordertexture infill="false" border="5">button-nofocus.png</bordertexture>
			<bordersize>5</bordersize>
		</control>
		<control type="label" id="1">
			<left>450</left>
			<top>50</top>
			<width>1400</width>
			<height>38</height>
			<font>font14</font>
			<align>left</align>
			<aligny>center</aligny>
			<scroll>true</scroll>
			<textcolor>grey2</textcolor>
			<label>$INFO[Player.Title]</label>
			<visible>!PVR.IsTimeShift + PVR.IsPlayingTV + !Player.Seeking</visible>
		</control>
		<control type="label">
			<left>450</left>
			<top>90</top>
			<width>520</width>
			<height>45</height>
			<font>font12</font>
			<textcolor>invalid</textcolor>
			<align>left</align>
			<aligny>center</aligny>
			<shadowcolor>black</shadowcolor>
			<label>Жанр: $INFO[VideoPlayer.Genre]</label>
		</control>
					<control type="textbox">
						<left>450</left>
						<top>130</top>
						<width>1400</width>
						<height>215</height>
						<font>font12</font>
						<textcolor>grey2</textcolor>
						<selectedcolor>blue2</selectedcolor>
						<align>left</align>
						<aligny>top</aligny>
						<scrolltime>200</scrolltime>
   						<autoscroll delay="3000" time="1000" repeat="10000">!Control.HasFocus(1050)</autoscroll>
						<label>$INFO[VideoPlayer.Plot]</label>
					</control>









	</controls>
</window>
