<?xml version="1.0" encoding="UTF-8"?>
<window id="1113" type="dialog">
	<visible>[Window.IsActive(fullscreenvideo) | Window.IsActive(visualisation)] + !Window.IsActive(pvrosdchannels) + !String.IsEmpty(PVR.ChannelNumberInput)</visible>
	<controls>
		<control type="image" id="1">
<animation effect="zoom" start="0" end="100" center="auto" time="125">WindowOpen</animation>
<animation effect="zoom" start="120" end="0" center="auto" time="125">WindowClose</animation>
			<centerleft>50%</centerleft>
			<centertop>50%</centertop>
			<width>9%</width>
			<height>8%</height>
				<texture border="5" colordiffuse="grey4">videoosd/fon_button.png</texture>
      				<bordertexture border="5">videoosd/shadow button.png</bordertexture>
		</control>

		<control type="label">
<animation effect="zoom" start="0" end="100" center="auto" time="125">WindowOpen</animation>
<animation effect="zoom" start="120" end="0" center="auto" time="125">WindowClose</animation>
			<centerleft>50%</centerleft>
			<centertop>50%</centertop>
			<width>7.3%</width>
			<height>9%</height>
			<shadowcolor>blue2</shadowcolor>
			<align>right</align>
			<font>font80_title</font>
			<aligny>center</aligny>
			<textcolor>blue2</textcolor>
			<label>[COLOR grey2]00[/COLOR]$INFO[PVR.ChannelNumberInput]</label>
			<visible>Integer.IsLess(PVR.ChannelNumberInput,10) + !String.IsEmpty(PVR.ChannelNumberInput)</visible>
		</control>
		<control type="label">
<animation effect="zoom" start="0" end="100" center="auto" time="125">WindowOpen</animation>
<animation effect="zoom" start="120" end="0" center="auto" time="125">WindowClose</animation>
			<centerleft>50%</centerleft>
			<centertop>50%</centertop>
			<width>7.3%</width>
			<height>9%</height>
			<shadowcolor>blue2</shadowcolor>
			<align>right</align>
			<font>font80_title</font>
			<aligny>center</aligny>
			<textcolor>blue2</textcolor>
			<label>[COLOR grey2]0[/COLOR]$INFO[PVR.ChannelNumberInput]</label>
			<visible>Integer.IsLess(PVR.ChannelNumberInput,100) + !String.IsEmpty(PVR.ChannelNumberInput)</visible>
		</control>
		<control type="label">
<animation effect="zoom" start="0" end="100" center="auto" time="125">WindowOpen</animation>
<animation effect="zoom" start="120" end="0" center="auto" time="125">WindowClose</animation>
			<centerleft>50%</centerleft>
			<centertop>50%</centertop>
			<width>7.3%</width>
			<height>9%</height>
			<shadowcolor>blue2</shadowcolor>
			<align>right</align>
			<font>font80_title</font>
			<aligny>center</aligny>
			<textcolor>blue2</textcolor>
			<label>$INFO[PVR.ChannelNumberInput]</label>
			<visible>Integer.IsLess(PVR.ChannelNumberInput,1000) + !String.IsEmpty(PVR.ChannelNumberInput)</visible>
		</control>
	</controls>
</window>
