<?xml version="1.0" encoding="UTF-8"?>
<window type="dialog" id="1102">
	<zorder>100</zorder>

	<controls>
		<control type="group">
			<control type="image">
				<top>0</top>
				<left>0</left>
				<width>1920</width>
				<height>1080</height>
				<texture>special://home/media/splash.jpg</texture>
			</control>

<!--NAME-->
			<control type="image">
				<centerleft>50%</centerleft>
				<centertop>72%</centertop>
				<width>455</width>
				<height>430</height>
				<aspectratio>keep</aspectratio>
				<animation type="WindowOpen" reversible="false">
					<effect type="slide" start="1200,0" end="0,0" delay="0" time="500" tween="bounce" easing="out"/>
				</animation>
				<texture colordiffuse="white">special://skin/extras/startup/name_1.png</texture>
			</control>
			<control type="image">
				<centerleft>50%</centerleft>
				<centertop>72%</centertop>
				<width>455</width>
				<height>430</height>
				<aspectratio>keep</aspectratio>
				<animation type="WindowOpen" reversible="false">
					<effect type="slide" start="-1200,0" end="0,0" delay="500" time="500" tween="bounce" easing="out"/>
				</animation>
				<texture colordiffuse="white">special://skin/extras/startup/name_2.png</texture>
			</control>
			<control type="image">
				<centerleft>50%</centerleft>
				<centertop>72%</centertop>
				<width>455</width>
				<height>430</height>
				<aspectratio>keep</aspectratio>
				<animation type="WindowOpen" reversible="false">
					<effect type="slide" start="1200,0" end="0,0" delay="1000" time="500" tween="bounce" easing="out"/>
				</animation>
				<texture colordiffuse="white">special://skin/extras/startup/name_3.png</texture>
			</control>
			<control type="image">
				<centerleft>50%</centerleft>
				<centertop>72%</centertop>
				<width>455</width>
				<height>430</height>
				<aspectratio>keep</aspectratio>
				<animation type="WindowOpen" reversible="false">
					<effect type="slide" start="-1200,0" end="0,0" delay="1500" time="500" tween="bounce" easing="out"/>
				</animation>
				<texture colordiffuse="white">special://skin/extras/startup/name_4.png</texture>
			</control>
<!--NAME-->

		</control>

	</controls>
</window>
