<?xml version="1.0" encoding="UTF-8"?>
<window type="dialog" id="1199">
	<defaultcontrol always="true">8010</defaultcontrol>
	<controls>






				<control type="list" id="8010">
					<animation effect="slide" start="0,0" end="150,0" time="0" condition="String.IsEqual(Container(8010).NumItems,3)">conditional</animation>
					<animation effect="slide" start="0,0" end="300,0" time="0" condition="String.IsEqual(Container(8010).NumItems,2)">conditional</animation>
					<animation effect="slide" start="0,0" end="450,0" time="0" condition="String.IsEqual(Container(8010).NumItems,1)">conditional</animation>
					<left>10</left>
					<top>730</top>
					<width>1900</width>
					<height>360</height>
					<onleft>8010</onleft>
					<onright>8010</onright>
					<onup>Dialog.Close(1199,true)</onup>
					<ondown condition="Control.IsVisible(600)">600</ondown>
					<ondown condition="!Control.IsVisible(600)">9000</ondown>
					<viewtype label="535">list</viewtype>
					<pagecontrol />
					<scrolltime>200</scrolltime>
					<orientation>Horizontal</orientation>
					<onclick>PlayMedia($INFO[ListItem.FolderPath])</onclick>
					<itemlayout height="530" width="475">
						<control type="image">
							<description>background</description>
							<left>0</left>
							<top>0</top>
							<width>475</width>
							<height>350</height>
							<texture border="15">RecentAddedBack.png</texture>
						</control>
						<control type="image">
							<left>0</left>
							<top>40</top>
							<width>470</width>
							<height>233</height>
							<aspectratio>keep</aspectratio>
							<texture>$INFO[PVR.EpgEventIcon]</texture>
							<bordertexture infill="false" border="5">button-nofocus.png</bordertexture>
							<bordersize>5</bordersize>
						</control>
						<control type="label">
							<left>15</left>
							<top>5</top>
							<width>475</width>
							<height>30</height>
							<font>font12</font>
							<textcolor>white</textcolor>
							<shadowcolor>black</shadowcolor>
							<selectedcolor>selected</selectedcolor>
							<align>left</align>
							<aligny>center</aligny>
							<label>$INFO[ListItem.Label]</label>
						</control>

						<control type="textbox">
							<left>15</left>
							<top>270</top>
							<width>460</width>
							<height>70</height>
							<font>font12</font>
							<textcolor>white</textcolor>
							<selectedcolor>selected</selectedcolor>
							<align>left</align>
							<aligny>top</aligny>
							<scrolltime>200</scrolltime>
   							<autoscroll delay="3000" time="1000" repeat="10000">!Control.HasFocus(1050)</autoscroll>
							<label>$INFO[ListItem.title]</label>
						</control>
					</itemlayout>
					<focusedlayout height="530" width="475">
						<control type="image">
							<description>background</description>
							<left>0</left>
							<top>0</top>
							<width>475</width>
							<height>350</height>
							<texture border="15">RecentAddedBack.png</texture>
						</control>
						<control type="image">
							<left>0</left>
							<top>40</top>
							<width>470</width>
							<height>233</height>
							<aspectratio>keep</aspectratio>
							<texture>$INFO[PVR.EpgEventIcon]</texture>
							<bordertexture infill="false" border="5">folder-focus.png</bordertexture>
							<bordersize>5</bordersize>
							<visible>Control.HasFocus(8010)</visible>
						</control>

						<control type="label">
							<left>15</left>
							<top>5</top>
							<width>475</width>
							<height>30</height>
							<font>font12</font>
							<textcolor>white</textcolor>
							<shadowcolor>black</shadowcolor>
							<selectedcolor>selected</selectedcolor>
							<align>left</align>
							<aligny>center</aligny>
							<label>$INFO[ListItem.Label]</label>
						</control>

						<control type="textbox">
							<left>15</left>
							<top>270</top>
							<width>460</width>
							<height>70</height>
							<font>font12</font>
							<textcolor>white</textcolor>
							<selectedcolor>selected</selectedcolor>
							<align>left</align>
							<aligny>top</aligny>
							<scrolltime>200</scrolltime>
   							<autoscroll delay="3000" time="1000" repeat="10000">!Control.HasFocus(1050)</autoscroll>
							<label>$INFO[ListItem.title]</label>
						</control>
					</focusedlayout>
					<content target="music" sortby="lastplayed" sortorder="descending" limit="20" browse="never">pvr://channels/tv/*?view=lastplayed</content>
				</control>













	</controls>
</window>
