<?xml version="1.0" encoding="UTF-8"?>
<window>
	<animation effect="slide" start="0,-100" end="0,0" time="1000">WindowOpen</animation>
	<animation effect="fade" start="0,0" end="0,-100" time="1000">WindowClose</animation>
	<coordinates>
		<left>0</left>
		<top>0</top>
	</coordinates>
	<controls>
		<control type="group">
			<depth>DepthMax</depth>
			<animation effect="slide" start="0,100" end="-285,0" time="1000" condition="Window.IsVisible(BusyDialog)">conditional</animation>
			<control type="image">
				<centerleft>50%</centerleft>
				<top>-50</top>
				<width>100%</width>
				<height>105</height>
				<colordiffuse>EEFFFFFF</colordiffuse>
				<texture border="5" colordiffuse="grey4">videoosd/fon_button.png</texture>
			</control>
			<control type="image" id="400">
				<description>avatar</description>
				<left>24</left>
				<top>5</top>
				<width>40</width>
				<height>40</height>
				<aspectratio>keep</aspectratio>
			</control>
			<control type="fadelabel" id="401">
				<description>Line 1 Label</description>
				<left>770</left>
				<top>-223</top>
				<width>465</width>
				<height>27</height>
				<font>font12_title</font>
				<textcolor>white</textcolor>
				<align>center</align>
				<aligny>center</aligny>
				<scrollout>false</scrollout>
				<pauseatend>2000</pauseatend>
			</control>
			<control type="fadelabel" id="402">
				<description>Line 2 Label</description>
				<left>770</left>
				<top>-223</top>
				<width>465</width>
				<height>30</height>
				<font>font12_title</font>
				<textcolor>grey2</textcolor>
				<align>center</align>
				<aligny>center</aligny>
				<scrollout>false</scrollout>
				<pauseatend>2000</pauseatend>
			</control>

		</control>


		<control type="grouplist">
			<left>70</left>
			<top>8</top>
			<height>100</height>
     			<orientation>Horizontal</orientation>
			<control type="label">
				<width min="50" max="1200">auto</width>
				<height>38</height>
				<align>left</align>
				<font>font12_title</font>
				<label>$INFO[Control.GetLabel(401).index(0)] [COLOR rad]-[/COLOR]</label>
				<textcolor>blue2</textcolor>
				<shadowcolor>black</shadowcolor>
			</control>
			<control type="label">
				<width min="50" max="1200">auto</width>
				<height>38</height>
				<align>left</align>
				<font>font12_title</font>
				<label>$INFO[Control.GetLabel(402).index(0)]</label>
				<textcolor>grey</textcolor>
				<shadowcolor>black</shadowcolor>
			</control>
		</control>
	</controls>
</window>
