<?xml version="1.0" encoding="UTF-8"?>
<window>
	<defaultcontrol always="true">100</defaultcontrol>
	<controls>
		<control type="group">
			<height>580</height>
			<centertop>290r</centertop>
			<visible>!Window.IsVisible(numericinput)</visible>
			<animation effect="slide" start="0,750" end="0,0" time="500" tween="Elastic" easing="inout">WindowOpen</animation>
			<animation effect="slide" start="0,0" end="0,750" time="500" tween="Elastic" easing="inout">WindowClose</animation>
			<animation effect="slide" start="0,750" end="0,0" time="300" tween="quadratic" easing="out">Visible</animation>
			<animation effect="slide" start="0,0" end="0,750" time="400" tween="quadratic" easing="out">Hidden</animation>

			<control type="image">
				<centerleft>50%</centerleft>
				<centertop>65%</centertop>
				<width>100%</width>
				<height>100%</height>
				<texture colordiffuse="grey4">fon.png</texture>
			</control>


			<control type="edit" id="312">
				<description>Edit Text</description>
				<centerleft>50%</centerleft>
				<top>90</top>
				<width>1030</width>
				<height>70</height>
				<font>button.bold</font>
		<textcolor>grey2</textcolor>
				<align>left</align>
				<aligny>center</aligny>
				<focusedcolor>$INFO[Skin.String(color.text)]</focusedcolor>
				<texturefocus border="10">Keyboard/nf.png</texturefocus>
				<texturenofocus border="10">Keyboard/nf.png</texturenofocus>
			</control>
			<control type="group" id="78500">
				<centerleft>50%</centerleft>
				<top>173</top>
				<width>1040</width>

<!-- 1st row -->
				<control type="grouplist">
    					<align>center</align>
					<orientation>horizontal</orientation>
					<itemgap>5</itemgap>
					<onright>95200</onright>
					<control type="button" id="100">
						<description>.</description>
						<onup>304</onup>
						<ondown>120</ondown>
						<label>,</label>
						<include>KeyboardButton</include>
					</control>
					<control type="button" id="101">
						<description>(0,1) key button</description>
						<onup condition="!Integer.IsGreater(Container(9010).NumItems,0)">309</onup>
						<onup condition="Integer.IsGreater(Container(9010).NumItems,0)">9010</onup>
						<ondown>121</ondown>
						<include>KeyboardButton</include>
					</control>
					<control type="button" id="102">
						<description>(0,2) key button</description>
						<onup condition="!Integer.IsGreater(Container(9010).NumItems,0)">302</onup>
						<onup condition="Integer.IsGreater(Container(9010).NumItems,0)">9010</onup>
						<ondown>122</ondown>
						<include>KeyboardButton</include>
					</control>
					<control type="button" id="103">
						<description>(0,3) key button</description>
						<onup condition="!Integer.IsGreater(Container(9010).NumItems,0)">32</onup>
						<onup condition="Integer.IsGreater(Container(9010).NumItems,0)">9010</onup>
						<ondown>123</ondown>
						<include>KeyboardButton</include>
					</control>
					<control type="button" id="104">
						<description>(0,4) key button</description>
						<onup condition="!Integer.IsGreater(Container(9010).NumItems,0)">32</onup>
						<onup condition="Integer.IsGreater(Container(9010).NumItems,0)">9010</onup>
						<ondown>124</ondown>
						<include>KeyboardButton</include>
					</control>
					<control type="button" id="105">
						<description>(0,5) key button</description>
						<onup condition="!Integer.IsGreater(Container(9010).NumItems,0)">32</onup>
						<onup condition="Integer.IsGreater(Container(9010).NumItems,0)">9010</onup>
						<ondown>125</ondown>
						<include>KeyboardButton</include>
					</control>
					<control type="button" id="106">
						<description>(0,6) key button</description>
						<onup condition="!Integer.IsGreater(Container(9010).NumItems,0)">32</onup>
						<onup condition="Integer.IsGreater(Container(9010).NumItems,0)">9010</onup>
						<ondown>126</ondown>
						<include>KeyboardButton</include>
					</control>
					<control type="button" id="107">
						<description>(0,7) key button</description>
						<onup condition="!Integer.IsGreater(Container(9010).NumItems,0)">305</onup>
						<onup condition="Integer.IsGreater(Container(9010).NumItems,0)">9010</onup>
						<ondown>127</ondown>
						<include>KeyboardButton</include>
					</control>
					<control type="button" id="108">
						<description>(0,8) key button</description>
						<onup condition="!Integer.IsGreater(Container(9010).NumItems,0)">306</onup>
						<onup condition="Integer.IsGreater(Container(9010).NumItems,0)">9010</onup>
						<ondown>128</ondown>
						<include>KeyboardButton</include>
					</control>
					<control type="button" id="109">
						<description>(0,9) key button</description>
						<onup condition="!Integer.IsGreater(Container(9010).NumItems,0)">8</onup>
						<onup condition="Integer.IsGreater(Container(9010).NumItems,0)">9010</onup>
						<ondown>129</ondown>
						<include>KeyboardButton</include>
					</control>
					<control type="button" id="110">
						<description>(0,10) key button</description>
						<onup condition="!Integer.IsGreater(Container(9010).NumItems,0)">8</onup>
						<onup condition="Integer.IsGreater(Container(9010).NumItems,0)">9010</onup>
						<ondown>130</ondown>
						<include>KeyboardButton</include>
					</control>
					<control type="button" id="111">
						<description>(0,11) key button</description>
						<onup condition="!Integer.IsGreater(Container(9010).NumItems,0)">8</onup>
						<onup condition="Integer.IsGreater(Container(9010).NumItems,0)">9010</onup>
						<ondown>131</ondown>
						<include>KeyboardButton</include>
					</control>
					<control type="button" id="112">
						<description>(0,12) key button</description>
						<onup condition="!Integer.IsGreater(Container(9010).NumItems,0)">8</onup>
						<onup condition="Integer.IsGreater(Container(9010).NumItems,0)">9010</onup>
						<ondown>132</ondown>
						<include>KeyboardButton</include>
					</control>
					<control type="radiobutton" id="8">
						<width>155</width>
						<height>75</height>
						<onup>163</onup>
						<ondown>103</ondown>
						<textcolor>$INFO[Skin.String(color.text)]</textcolor>
						<focusedcolor>$INFO[Skin.String(color.500)]</focusedcolor>
						<textureradioonfocus colordiffuse="blue2">Keyboard/backspace.png</textureradioonfocus>
						<textureradioonnofocus colordiffuse="grey2">Keyboard/backspace.png</textureradioonnofocus>
						<textureradioofffocus colordiffuse="blue2">Keyboard/backspace.png</textureradioofffocus>
						<textureradiooffnofocus colordiffuse="grey2">Keyboard/backspace.png</textureradiooffnofocus>
						<radioposx>45</radioposx>
						<radioposy>15</radioposy>
						<radiowidth>45</radiowidth>
						<radioheight>45</radioheight>
						<include>KeyboardButton</include>
					</control>
				</control>
				<!-- 2nd row -->
				<control type="grouplist">
    					<align>center</align>
					<top>80</top>
					<orientation>horizontal</orientation>
					<itemgap>5</itemgap>
					<onright>95200</onright>
					<control type="button" id="120">
						<description>(1,0) key button</description>
						<onup>100</onup>
						<ondown>140</ondown>
						<include>KeyboardButton</include>
					</control>
					<control type="button" id="121">
						<description>(1,1) key button</description>
						<onup>101</onup>
						<ondown>141</ondown>
						<include>KeyboardButton</include>
					</control>
					<control type="button" id="122">
						<description>(1,2) key button</description>
						<onup>102</onup>
						<ondown>142</ondown>
						<include>KeyboardButton</include>
					</control>
					<control type="button" id="123">
						<description>(1,3) key button</description>
						<onup>103</onup>
						<ondown>143</ondown>
						<include>KeyboardButton</include>
					</control>
					<control type="button" id="124">
						<description>(1,4) key button</description>
						<onup>104</onup>
						<ondown>144</ondown>
						<include>KeyboardButton</include>
					</control>
					<control type="button" id="125">
						<description>(1,5) key button</description>
						<onup>105</onup>
						<ondown>145</ondown>
						<include>KeyboardButton</include>
					</control>
					<control type="button" id="126">
						<description>(1,6) key button</description>
						<onup>106</onup>
						<ondown>146</ondown>
						<include>KeyboardButton</include>
					</control>
					<control type="button" id="127">
						<description>(1,7) key button</description>
						<onup>107</onup>
						<ondown>147</ondown>
						<include>KeyboardButton</include>
					</control>
					<control type="button" id="128">
						<description>(1,8) key button</description>
						<onup>108</onup>
						<ondown>148</ondown>
						<include>KeyboardButton</include>
					</control>
					<control type="button" id="129">
						<description>(1,9) key button</description>
						<onup>109</onup>
						<ondown>149</ondown>
						<include>KeyboardButton</include>
					</control>
					<control type="button" id="130">
						<description>(1,10) key button</description>
						<onup>110</onup>
						<ondown>150</ondown>
						<include>KeyboardButton</include>
					</control>
					<control type="button" id="131">
						<description>(1,11) key button</description>
						<onup>111</onup>
						<ondown>151</ondown>
						<include>KeyboardButton</include>
					</control>
					<control type="button" id="132">
						<description>(1,12) key button</description>
						<onup>112</onup>
						<ondown>152</ondown>
						<include>KeyboardButton</include>
					</control>
					<control type="button" id="95">
						<description>.</description>
						<onup>164</onup>
						<ondown>104</ondown>
						<label>\</label>
						<include>KeyboardButton</include>
					</control>
				</control>
				<!-- 3rd row -->
				<control type="grouplist">
    					<align>center</align>
					<top>160</top>
					<orientation>horizontal</orientation>
					<itemgap>5</itemgap>
					<onright>95200</onright>
					<control type="radiobutton" id="303">
						<description>CAPS LOCK button</description>
						<width>155</width>
						<height>75</height>
						<label>20179</label>
						<onup>161</onup>
						<ondown>101</ondown>
						<textcolor>$INFO[Skin.String(color.text)]</textcolor>
						<focusedcolor>$INFO[Skin.String(color.500)]</focusedcolor>
				<textureradioonfocus colordiffuse="blue2">Keyboard/capslock.png</textureradioonfocus>
				<textureradioonnofocus colordiffuse="blue2">Keyboard/capslock.png</textureradioonnofocus>
				<textureradioofffocus colordiffuse="blue2">Keyboard/capslock.png</textureradioofffocus>
				<textureradiooffnofocus colordiffuse="grey2">Keyboard/capslock.png</textureradiooffnofocus>
						<radioposx>60</radioposx>
						<radioposy>15</radioposy>
						<radiowidth>45</radiowidth>
						<radioheight>45</radioheight>
						<include>KeyboardButton</include>
					</control>
					<control type="button" id="140">
						<description>(2,0) key button</description>
						<onup>120</onup>
						<ondown>160</ondown>
						<include>KeyboardButton</include>
					</control>
					<control type="button" id="141">
						<description>(2,1) key button</description>
						<onup>121</onup>
						<ondown>161</ondown>
						<include>KeyboardButton</include>
					</control>
					<control type="button" id="142">
						<description>(2,2) key button</description>
						<onup>122</onup>
						<ondown>162</ondown>
						<include>KeyboardButton</include>
					</control>
					<control type="button" id="143">
						<description>(2,3) key button</description>
						<onup>123</onup>
						<ondown>163</ondown>
						<include>KeyboardButton</include>
					</control>
					<control type="button" id="144">
						<description>(2,4) key button</description>
						<onup>124</onup>
						<ondown>164</ondown>
						<include>KeyboardButton</include>
					</control>
					<control type="button" id="145">
						<description>(2,5) key button</description>
						<onup>125</onup>
						<ondown>165</ondown>
						<include>KeyboardButton</include>
					</control>
					<control type="button" id="146">
						<description>(2,6) key button</description>
						<onup>126</onup>
						<ondown>166</ondown>
						<include>KeyboardButton</include>
					</control>
					<control type="button" id="147">
						<description>(2,7) key button</description>
						<onup>127</onup>
						<ondown>167</ondown>
						<include>KeyboardButton</include>
					</control>
					<control type="button" id="148">
						<description>(2,8) key button</description>
						<onup>128</onup>
						<ondown>168</ondown>
						<include>KeyboardButton</include>
					</control>
					<control type="button" id="149">
						<description>(2,9) key button</description>
						<onup>129</onup>
						<ondown>169</ondown>
						<include>KeyboardButton</include>
					</control>
					<control type="button" id="150">
						<description>(2,10) key button</description>
						<onup>130</onup>
						<ondown>170</ondown>
						<include>KeyboardButton</include>
					</control>
					<control type="button" id="151">
						<description>(2,11) key button</description>
						<onup>131</onup>
						<ondown>171</ondown>
						<include>KeyboardButton</include>
					</control>
					<control type="button" id="152">
						<description>(2,12) key button</description>
						<onup>132</onup>
						<ondown>172</ondown>
						<include>KeyboardButton</include>
					</control>


				</control>
				<!-- 4th row -->
				<control type="grouplist">
    					<align>center</align>
					<top>240</top>
					<itemgap>5</itemgap>
					<orientation>horizontal</orientation>
					<onright>95200</onright>
					<control type="radiobutton" id="302">
						<description>SHIFT button</description>
						<label>20178</label>
						<onup>162</onup>
						<ondown>102</ondown>
						<textcolor>$INFO[Skin.String(color.text)]</textcolor>
						<focusedcolor>$INFO[Skin.String(color.500)]</focusedcolor>
				<textureradioonfocus colordiffuse="blue2">Keyboard/shift.png</textureradioonfocus>
				<textureradioonnofocus colordiffuse="blue2">Keyboard/shift.png</textureradioonnofocus>
				<textureradioofffocus colordiffuse="blue2">Keyboard/shift.png</textureradioofffocus>
				<textureradiooffnofocus colordiffuse="grey2">Keyboard/shift.png</textureradiooffnofocus>
						<radioposx>15</radioposx>
						<radioposy>15</radioposy>
						<radiowidth>45</radiowidth>
						<radioheight>45</radioheight>
						<include>KeyboardButton</include>
					</control>
					<control type="button" id="160">
						<description>(3,0) key button</description>
						<onup>140</onup>
						<ondown>304</ondown>
						<include>KeyboardButton</include>
					</control>
					<control type="button" id="161">
						<description>(3,1) key button</description>
						<onup>141</onup>
						<ondown>303</ondown>
						<include>KeyboardButton</include>
					</control>
					<control type="button" id="162">
						<description>(3,2) key button</description>
						<onup>142</onup>
						<ondown>302</ondown>
						<include>KeyboardButton</include>
					</control>
					<control type="button" id="163">
						<description>(3,3) key button</description>
						<onup>143</onup>
						<ondown>32</ondown>
						<include>KeyboardButton</include>
					</control>
					<control type="button" id="164">
						<description>(3,4) key button</description>
						<onup>144</onup>
						<ondown>32</ondown>
						<include>KeyboardButton</include>
					</control>
					<control type="button" id="165">
						<description>(3,5) key button</description>
						<onup>145</onup>
						<ondown>32</ondown>
						<include>KeyboardButton</include>
					</control>
					<control type="button" id="166">
						<description>(3,6) key button</description>
						<onup>146</onup>
						<ondown>32</ondown>
						<include>KeyboardButton</include>
					</control>
					<control type="button" id="167">
						<description>(3,7) key button</description>
						<onup>147</onup>
						<ondown>305</ondown>
						<include>KeyboardButton</include>
					</control>
					<control type="button" id="168">
						<description>(3,8) key button</description>
						<onup>148</onup>
						<ondown>306</ondown>
						<include>KeyboardButton</include>
					</control>
					<control type="button" id="169">
						<description>(3,9) key button</description>
						<onup>149</onup>
						<ondown>8</ondown>
						<include>KeyboardButton</include>
					</control>
					<control type="button" id="170">
						<description>(3,10) key button</description>
						<onup>150</onup>
						<ondown>8</ondown>
						<include>KeyboardButton</include>
					</control>
					<control type="button" id="171">
						<description>(3,11) key button</description>
						<onup>501</onup>
						<ondown>8</ondown>
						<include>KeyboardButton</include>
					</control>
					<control type="button" id="172">
						<description>(3,11) key button</description>
						<onup>501</onup>
						<ondown>8</ondown>
						<include>KeyboardButton</include>
					</control>
					<control type="button" id="94">
						<description>.</description>
						<onup>164</onup>
						<ondown>104</ondown>
						<label>/</label>
						<include>KeyboardButton</include>
					</control>
					<control type="radiobutton" id="300">
						<width>155</width>
						<height>75</height>
						<onup>163</onup>
						<ondown>103</ondown>
						<textcolor>$INFO[Skin.String(color.text)]</textcolor>
						<focusedcolor>$INFO[Skin.String(color.500)]</focusedcolor>
				<textureradioonfocus colordiffuse="blue2">Keyboard/enter.png</textureradioonfocus>
				<textureradioonnofocus colordiffuse="grey2">Keyboard/enter.png</textureradioonnofocus>
				<textureradioofffocus colordiffuse="blue2">Keyboard/enter.png</textureradioofffocus>
				<textureradiooffnofocus colordiffuse="grey2">Keyboard/enter.png</textureradiooffnofocus>
						<radioposx>40</radioposx>
						<radioposy>0</radioposy>
						<radiowidth>50</radiowidth>
						<radioheight>50</radioheight>
						<include>KeyboardButton</include>
					</control>
				</control>
				<!-- 5th row -->
				<control type="grouplist">
    					<align>center</align>
					<top>320</top>
					<itemgap>5</itemgap>
					<orientation>horizontal</orientation>
					<onright>95200</onright>
					<control type="radiobutton" id="304">
						<width>75</width>
						<height>75</height>
						<onup>163</onup>
						<ondown>103</ondown>
						<textcolor>$INFO[Skin.String(color.text)]</textcolor>
						<focusedcolor>$INFO[Skin.String(color.500)]</focusedcolor>
				<textureradioonfocus colordiffuse="blue2">Keyboard/accents.png</textureradioonfocus>
				<textureradioonnofocus colordiffuse="grey2">Keyboard/accents.png</textureradioonnofocus>
				<textureradioofffocus colordiffuse="blue2">Keyboard/accents.png</textureradioofffocus>
				<textureradiooffnofocus colordiffuse="grey2">Keyboard/accents.png</textureradiooffnofocus>
						<radioposx>15</radioposx>
						<radioposy>15</radioposy>
						<radiowidth>45</radiowidth>
						<radioheight>45</radioheight>
						<include>KeyboardButton</include>
					<visible>!String.Contains(Control.GetLabel(304).index(0).index(0),*)</visible>
					</control>
					<control type="radiobutton" id="304">
						<width>75</width>
						<height>75</height>
						<onup>163</onup>
						<ondown>103</ondown>
						<textcolor>$INFO[Skin.String(color.text)]</textcolor>
						<focusedcolor>$INFO[Skin.String(color.500)]</focusedcolor>
				<textureradioonfocus colordiffuse="blue2">Keyboard/letters.png</textureradioonfocus>
				<textureradioonnofocus colordiffuse="grey2">Keyboard/letters.png</textureradioonnofocus>
				<textureradioofffocus colordiffuse="blue2">Keyboard/letters.png</textureradioofffocus>
				<textureradiooffnofocus colordiffuse="grey2">Keyboard/letters.png</textureradiooffnofocus>
						<radioposx>15</radioposx>
						<radioposy>15</radioposy>
						<radiowidth>45</radiowidth>
						<radioheight>45</radioheight>
						<include>KeyboardButton</include>
					<visible>String.Contains(Control.GetLabel(304).index(0).index(0),*)</visible>
					</control>

					<control type="radiobutton" id="309">
						<width>75</width>
						<height>75</height>
						<onup>163</onup>
						<ondown>103</ondown>
						<textcolor>$INFO[Skin.String(color.text)]</textcolor>
						<focusedcolor>$INFO[Skin.String(color.500)]</focusedcolor>
				<textureradioonfocus colordiffuse="blue2">Keyboard/lang.png</textureradioonfocus>
				<textureradioonnofocus colordiffuse="grey2">Keyboard/lang.png</textureradioonnofocus>
				<textureradioofffocus colordiffuse="blue2">Keyboard/lang.png</textureradioofffocus>
				<textureradiooffnofocus colordiffuse="grey2">Keyboard/lang.png</textureradiooffnofocus>
						<radioposx>15</radioposx>
						<radioposy>15</radioposy>
						<radiowidth>45</radiowidth>
						<radioheight>45</radioheight>
						<include>KeyboardButton</include>
					</control>
					<control type="button" id="96">
						<description>.</description>
						<onup>164</onup>
						<ondown>104</ondown>
						<label>,</label>
						<include>KeyboardButton</include>
					</control>
					<control type="button" id="97">
						<description>.</description>
						<onup>164</onup>
						<ondown>104</ondown>
						<label>.</label>
						<include>KeyboardButton</include>
					</control>
					<control type="button" id="32">
						<description>SPACE button</description>
						<width>400</width>
						<height>75</height>
						<label>20182</label>
						<onup>164</onup>
						<ondown>104</ondown>
						<include>KeyboardButton</include>
					</control>
					<control type="button" id="98">
						<description>.</description>
						<onup>164</onup>
						<ondown>104</ondown>
						<label>?</label>
						<include>KeyboardButton</include>
					</control>
					<control type="button" id="99">
						<description>.</description>
						<onup>164</onup>
						<ondown>104</ondown>
						<label>!</label>
						<include>KeyboardButton</include>
					</control>
					<control type="radiobutton" id="305">
						<width>75</width>
						<height>75</height>
						<onup>163</onup>
						<!--<onclick>sendclick(309)</onclick>-->
						<ondown>103</ondown>
						<textcolor>$INFO[Skin.String(color.text)]</textcolor>
						<focusedcolor>$INFO[Skin.String(color.500)]</focusedcolor>
				<textureradioonfocus colordiffuse="blue2">Keyboard/arrowleft.png</textureradioonfocus>
				<textureradioonnofocus colordiffuse="grey2">Keyboard/arrowleft.png</textureradioonnofocus>
				<textureradioofffocus colordiffuse="blue2">Keyboard/arrowleft.png</textureradioofffocus>
				<textureradiooffnofocus colordiffuse="grey2">Keyboard/arrowleft.png</textureradiooffnofocus>
						<radioposx>15</radioposx>
						<radioposy>15</radioposy>
						<radiowidth>45</radiowidth>
						<radioheight>45</radioheight>
						<include>KeyboardButton</include>
					</control>
					<control type="radiobutton" id="306">
						<width>75</width>
						<height>75</height>
						<onup>163</onup>
						<!--<onclick>sendclick(309)</onclick>-->
						<ondown>103</ondown>
						<textcolor>$INFO[Skin.String(color.text)]</textcolor>
						<focusedcolor>$INFO[Skin.String(color.500)]</focusedcolor>
				<textureradioonfocus colordiffuse="blue2">Keyboard/arrowright.png</textureradioonfocus>
				<textureradioonnofocus colordiffuse="grey2">Keyboard/arrowright.png</textureradioonnofocus>
				<textureradioofffocus colordiffuse="blue2">Keyboard/arrowright.png</textureradioofffocus>
				<textureradiooffnofocus colordiffuse="grey2">Keyboard/arrowright.png</textureradiooffnofocus>
						<radioposx>15</radioposx>
						<radioposy>15</radioposy>
						<radiowidth>45</radiowidth>
						<radioheight>45</radioheight>
						<include>KeyboardButton</include>
					</control>
				</control>
			</control>
		</control>










	</controls>
</window>
