<?xml version="1.0" encoding="UTF-8"?>
<window>
	<defaultcontrol always="true">11</defaultcontrol>
	<coordinates>
		<left>0</left>
		<top>0</top>
	</coordinates>
	<include>dialogeffect</include>
	<controls>

			<control type="label">
				<left>180</left>
				<top>45</top>
				<width>1650</width>
				<height>35</height>
				<font>font12</font>
				<textcolor>grey</textcolor>
				<align>left</align>
				<aligny>center</aligny>
				<label>$INFO[Container(11).ListItem.Label]</label>
			</control>
		<control type="group">
		<control type="image">
			<left>970</left>
			<top>50</top>
			<width>920</width>
			<height>1000</height>
			<texture border="15">panel.png</texture>
		</control>
<animation effect="slide" start="890,0" end="0,0" time="200" condition="Window.IsActive(10700)">WindowOpen</animation>
<animation effect="slide" start="0,0" end="890,0" time="200" condition="Window.IsActive(10700)">WindowClose</animation>
			<left>0</left>
			<control type="fixedlist" id="11">
				<visible>!System.IdleTime(60)</visible>
				<visible>Window.IsActive(10700)</visible>
				<left>990</left>
				<top>130</top>
				<width>890</width>
				<height>895</height>
				<onleft>Dialog.Close(10609)</onleft>
				<onclick>RunScript(special://skin/Plugin/pvrinfo.py)</onclick>
				<onup>11</onup>
				<ondown>11</ondown>
				<viewtype label="3D list">list</viewtype>
				<focusposition>3</focusposition>
        			<movement>3</movement>
				<scrolltime>200</scrolltime>
				<itemlayout height="88" width="1100">
					<control type="label">
						<left>10</left>
						<top>10</top>
						<width>150</width>
						<height>45</height>
						<font>font14</font>
						<textcolor>grey2</textcolor>
						<selectedcolor>grey2</selectedcolor>
						<align>left</align>
						<aligny>center</aligny>
						<label>[B]Пнд[/B]</label>
						<visible>String.Contains(Container(11).ListItem.StartDate,Понедельник)</visible>
					</control>
					<control type="label">
						<left>10</left>
						<top>10</top>
						<width>150</width>
						<height>45</height>
						<font>font14</font>
						<textcolor>grey2</textcolor>
						<selectedcolor>grey2</selectedcolor>
						<align>left</align>
						<aligny>center</aligny>
						<label>[B]Втр[/B]</label>
						<visible>String.Contains(Container(11).ListItem.StartDate,Вторник)</visible>
					</control>
					<control type="label">
						<left>10</left>
						<top>10</top>
						<width>150</width>
						<height>45</height>
						<font>font14</font>
						<textcolor>grey2</textcolor>
						<selectedcolor>grey2</selectedcolor>
						<align>left</align>
						<aligny>center</aligny>
						<label>[B]Срд[/B]</label>
						<visible>String.Contains(Container(11).ListItem.StartDate,Среда)</visible>
					</control>
					<control type="label">
						<left>10</left>
						<top>10</top>
						<width>150</width>
						<height>45</height>
						<font>font14</font>
						<textcolor>grey2</textcolor>
						<selectedcolor>grey2</selectedcolor>
						<align>left</align>
						<aligny>center</aligny>
						<label>[B]Чтв[/B]</label>
						<visible>String.Contains(Container(11).ListItem.StartDate,Четверг)</visible>
					</control>
					<control type="label">
						<left>10</left>
						<top>10</top>
						<width>150</width>
						<height>45</height>
						<font>font14</font>
						<textcolor>grey2</textcolor>
						<selectedcolor>grey2</selectedcolor>
						<align>left</align>
						<aligny>center</aligny>
						<label>[B]Птн[/B]</label>
						<visible>String.Contains(Container(11).ListItem.StartDate,Пятница)</visible>
					</control>
					<control type="label">
						<left>10</left>
						<top>10</top>
						<width>150</width>
						<height>45</height>
						<font>font14</font>
						<textcolor>rad</textcolor>
						<selectedcolor>rad</selectedcolor>
						<align>left</align>
						<aligny>center</aligny>
						<label>[B]Сбт[/B]</label>
						<visible>String.Contains(Container(11).ListItem.StartDate,Суббота)</visible>
					</control>
					<control type="label">
						<left>10</left>
						<top>10</top>
						<width>150</width>
						<height>45</height>
						<font>font14</font>
						<textcolor>rad</textcolor>
						<selectedcolor>rad</selectedcolor>
						<align>left</align>
						<aligny>center</aligny>
						<label>[B]Вск[/B]</label>
						<visible>String.Contains(Container(11).ListItem.StartDate,Воскресенье)</visible>
					</control>
					<control type="label">
						<left>5</left>
						<top>45</top>
						<width>80</width>
						<height>45</height>
						<font>font13</font>
						<textcolor>blue2</textcolor>
						<selectedcolor>grey2</selectedcolor>
						<align>left</align>
						<aligny>center</aligny>
						<label>$INFO[ListItem.StartTime]</label>
					</control>
					<control type="image">
						<left>80</left>
						<top>20</top>
						<width>50</width>
						<height>50</height>
						<texture colordiffuse="grey2">special://skin/extras/button/timeshift.png</texture>
						<visible>ListItem.IsPlayable + !ListItem.InProgress</visible>
					</control>
					<control type="image">
						<left>80</left>
						<top>20</top>
						<width>50</width>
						<height>50</height>
						<texture colordiffuse="grey2">special://skin/extras/button/playbutton.png</texture>
						<visible>ListItem.InProgress</visible>
					</control>
					<control type="textbox">
						<left>130</left>
						<top>8</top>
						<width>770</width>
						<height>70</height>
						<font>font13</font>
						<textcolor>grey2</textcolor>
						<selectedcolor>blue2</selectedcolor>
						<align>left</align>
						<aligny>center</aligny>
						<scrolltime>200</scrolltime>
   						<autoscroll delay="3000" time="1000" repeat="10000">!Control.HasFocus(1050)</autoscroll>
						<label>$INFO[ListItem.Label]</label>
						<visible>ListItem.InProgress | ListItem.IsPlayable</visible>
					</control>
					<control type="textbox">
						<left>90</left>
						<top>8</top>
						<width>810</width>
						<height>70</height>
						<font>font13</font>
						<textcolor>grey2</textcolor>
						<selectedcolor>blue2</selectedcolor>
						<align>left</align>
						<aligny>center</aligny>
						<autoscroll>false</autoscroll>
   						<autoscroll delay="3000" time="1000" repeat="10000">!Control.HasFocus(1050)</autoscroll>
						<label>$INFO[ListItem.Label]</label>
						<visible>!ListItem.InProgress + !ListItem.IsPlayable</visible>
					</control>
					<control type="progress">
						<left>5</left>
						<top>80</top>
						<width>915</width>
						<height>5</height>
						<info>ListItem.Progress</info>
						<texturebg border="4" colordiffuse="grey">special://skin/extras/Progressbar/osd_2.png</texturebg>
						<midtexture border="4" colordiffuse="orange">special://skin/extras/Progressbar/osd_3.png</midtexture>
						<visible>ListItem.InProgress</visible>
					</control>
				</itemlayout>
				<focusedlayout height="88" width="1100" condition="Control.HasFocus(1050)">
					<control type="image">
						<left>0</left>
						<top>5</top>
						<width>1100</width>
						<height>88</height>
						<texture border="5" colordiffuse="grey3">videoosd/fon_button.png</texture>
      						<bordertexture border="5">videoosd/shadow button.png</bordertexture>
					</control>
					<control type="image">
						<left>0</left>
						<top>20</top>
						<width>50</width>
						<height>50</height>
						<texture colordiffuse="green">videoosd/timeshift.png</texture>
						<visible>ListItem.IsPlayable + !ListItem.IsPlaying + !ListItem.InProgress</visible>
					</control>
					<control type="image">
						<left>0</left>
						<top>20</top>
						<width>50</width>
						<height>50</height>
						<texture colordiffuse="blue2">special://skin/extras/button/playbutton.png</texture>
						<visible>ListItem.InProgress</visible>
					</control>
					<control type="image">
						<left>0</left>
						<top>20</top>
						<width>50</width>
						<height>50</height>
						<texture colordiffuse="invalid">videoosd/bell.png</texture>
						<visible>ListItem.HasReminder</visible>
					</control>
					<control type="label">
						<left>45</left>
						<top>25</top>
						<width>200</width>
						<height>45</height>
						<font>home_menu14</font>
						<textcolor>orange</textcolor>
						<selectedcolor>grey2</selectedcolor>
						<align>left</align>
						<aligny>center</aligny>
						<label>$INFO[ListItem.StartTime]</label>
					</control>
					<control type="label">
						<left>135</left>
						<top>10</top>
						<width>950</width>
						<height>45</height>
						<font>font13</font>
						<textcolor>blue2</textcolor>
						<selectedcolor>white</selectedcolor>
						<align>left</align>
						<aligny>center</aligny>
						<label>[B]$INFO[ListItem.Label][/B]</label>
					</control>
					<control type="label">
						<left>135</left>
						<top>45</top>
						<width>950</width>
						<height>45</height>
						<font>font12</font>
						<textcolor>white</textcolor>
						<selectedcolor>white</selectedcolor>
						<align>left</align>
						<aligny>center</aligny>
						<label>[B]жанр:$INFO[ListItem.Genre][/B]</label>
					</control>
				</focusedlayout>
			</control>
		</control>

















		<control type="group">
<animation effect="slide" start="0,0" end="-1050,0" time="200" condition="Window.IsActive(10700)">WindowOpen</animation>
<animation effect="slide" start="-1050,0" end="0,0" time="200" condition="Window.IsActive(10700)">WindowClose</animation>
		<control type="image">
			<left>1080</left>
			<top>50</top>
			<width>920</width>
			<height>1000</height>
			<texture border="15">panel.png</texture>
		</control>
		<control type="grouplist">
			<left>1150</left>
			<top>110</top>
			<bottom>15</bottom>
     			<usecontrolcoords>true</usecontrolcoords>
			<control type="image">
				<left>5</left>
				<top>5</top>
				<width>745</width>
				<height>421</height>
				<texture fallback="videoosd/no-img_big.jpg">$INFO[Container(11).ListItem.EpgEventIcon]</texture>
			</control>
			<control type="textbox">
				<left>5</left>
				<top>0</top>
				<width>750</width>
				<height min="10" max="500">auto</height>
				<font>font13</font>
				<textcolor>grey</textcolor>
				<align>left</align>
				<aligny>top</aligny>
				<scrolltime>200</scrolltime>
				<label>$INFO[Container(11).ListItem.Title]</label>
			</control>
			<control type="grouplist">
				<height>20</height>
     				<usecontrolcoords>true</usecontrolcoords>
     				<orientation>Horizontal</orientation>
				<control type="label">
					<left>0</left>
					<top>5</top>
					<width>55</width>
					<height>10</height>
					<font>font10</font>
					<textcolor>blue2</textcolor>
					<align>left</align>
					<aligny>center</aligny>
					<label>$INFO[Container(11).ListItem.StartTime]</label>
				</control>

				<control type="progress">
					<left>0</left>
					<top>5</top>
					<width>630</width>
					<height>5</height>
					<info>Container(11).ListItem.Progress</info>
					<texturebg border="4" colordiffuse="grey">special://skin/extras/Progressbar/osd_2.png</texturebg>
					<midtexture border="4" colordiffuse="blue2">special://skin/extras/Progressbar/osd_3.png</midtexture>
				</control>
				<control type="label">
					<left>0</left>
					<top>5</top>
					<width>55</width>
					<height>10</height>
					<font>font10</font>
					<textcolor>blue2</textcolor>
					<align>left</align>
					<aligny>center</aligny>
					<label>$INFO[Container(11).ListItem.EndTime]</label>
				</control>
			</control>
			<control type="label">
				<left>20</left>
				<top>10</top>
				<width>770</width>
				<height>10</height>
				<font>font12</font>
				<textcolor>grey</textcolor>
				<align>left</align>
				<aligny>center</aligny>
				<label>[COLOR blue2]Жанр:[/COLOR]$INFO[Container(11).ListItem.Genre]</label>
			</control>
			<control type="label">
				<left>20</left>
				<top>10</top>
				<width>520</width>
				<height>10</height>
				<font>font12</font>
				<textcolor>grey</textcolor>
				<label>[COLOR blue2]Продолжительность:[/COLOR]$INFO[Container(11).ListItem.Duration(hh:mm)]</label>
				<align>left</align>
				<aligny>center</aligny>
			</control>
			<control type="label">
				<left>20</left>
				<top>10</top>
				<width>520</width>
				<height>10</height>
				<font>font12</font>
				<textcolor>grey</textcolor>
				<label>[COLOR blue2]Дата:[/COLOR]$INFO[Container(11).ListItem.StartDate]</label>
				<align>left</align>
				<aligny>center</aligny>
			</control>

			<control type="textbox">
				<left>5</left>
				<top>10</top>
				<width>745</width>
				<height min="50" max="300">auto</height>
				<font>font12</font>
				<textcolor>grey</textcolor>
				<align>left</align>
				<aligny>top</aligny>
				<scrolltime>200</scrolltime>
   				<autoscroll delay="3000" time="1000" repeat="10000">!Control.HasFocus(1050)</autoscroll>
				<label>$INFO[Container(11).ListItem.Plot]</label>
			</control>
		</control>
		</control>
	</controls>
</window>
