<?xml version="1.0" encoding="UTF-8"?>
<window>
	<animation effect="fade" time="75">WindowOpen</animation>
	<animation effect="fade" time="150">WindowClose</animation>
	<coordinates>
		<left>0</left>
		<top>0</top>
	</coordinates>
	<controls>
		<control type="group">
			<visible>Player.HasMedia</visible>
			<control type="image">
				<centerleft>50%</centerleft>
				<centertop>50%</centertop>
				<width>150</width>
				<height>150</height>
				<aspectratio>keep</aspectratio>
				<colordiffuse>blue2</colordiffuse>
				<texture>spinner/media_0.png</texture>
			</control>
			<control type="image">
				<centerleft>50%</centerleft>
				<centertop>50%</centertop>
				<width>150</width>
				<height>150</height>
				<aspectratio>keep</aspectratio>
				<colordiffuse>blue2</colordiffuse>
<animation effect="rotate" end="-360" center="auto" time="1500" delay="0" loop="true" reversible="false" condition="true">Conditional</animation>
				<texture>spinner/media_1.png</texture>
			</control>
			<control type="image">
				<centerleft>50%</centerleft>
				<centertop>50%</centertop>
				<width>150</width>
				<height>150</height>
				<aspectratio>keep</aspectratio>
				<colordiffuse>blue2</colordiffuse>
<animation effect="rotate" end="-360" center="auto" time="1450" delay="50" loop="true" reversible="false" condition="true">Conditional</animation>
				<texture>spinner/media_1.png</texture>
			</control>
			<control type="image">
				<centerleft>50%</centerleft>
				<centertop>50%</centertop>
				<width>150</width>
				<height>150</height>
				<aspectratio>keep</aspectratio>
				<colordiffuse>blue2</colordiffuse>
<animation effect="rotate" end="-360" center="auto" time="1400" delay="100" loop="true" reversible="false" condition="true">Conditional</animation>
				<texture>spinner/media_1.png</texture>
			</control>
			<control type="image">
				<centerleft>50%</centerleft>
				<centertop>50%</centertop>
				<width>150</width>
				<height>150</height>
				<aspectratio>keep</aspectratio>
				<colordiffuse>blue2</colordiffuse>
<animation effect="rotate" end="-360" center="auto" time="1350" delay="150" loop="true" reversible="false" condition="true">Conditional</animation>
				<texture>spinner/media_1.png</texture>
			</control>
			<control type="image">
				<centerleft>50%</centerleft>
				<centertop>50%</centertop>
				<width>150</width>
				<height>150</height>
				<aspectratio>keep</aspectratio>
				<colordiffuse>blue2</colordiffuse>
<animation effect="rotate" end="-360" center="auto" time="1300" delay="200" loop="true" reversible="false" condition="true">Conditional</animation>
				<texture>spinner/media_1.png</texture>
			</control>
			<control type="image">
				<centerleft>50%</centerleft>
				<centertop>50%</centertop>
				<width>150</width>
				<height>150</height>
				<aspectratio>keep</aspectratio>
				<colordiffuse>blue2</colordiffuse>
<animation effect="rotate" end="-360" center="auto" time="1250" delay="250" loop="true" reversible="false" condition="true">Conditional</animation>
				<texture>spinner/media_1.png</texture>
			</control>
			<control type="image">
				<centerleft>50%</centerleft>
				<centertop>50%</centertop>
				<width>150</width>
				<height>150</height>
				<aspectratio>keep</aspectratio>
				<colordiffuse>blue2</colordiffuse>
<animation effect="rotate" end="-360" center="auto" time="1200" delay="300" loop="true" reversible="false" condition="true">Conditional</animation>
				<texture>spinner/media_1.png</texture>
			</control>
			<control type="image">
				<centerleft>50%</centerleft>
				<centertop>50%</centertop>
				<width>150</width>
				<height>150</height>
				<aspectratio>keep</aspectratio>
				<colordiffuse>blue2</colordiffuse>
<animation effect="rotate" end="-360" center="auto" time="1150" delay="350" loop="true" reversible="false" condition="true">Conditional</animation>
				<texture>spinner/media_1.png</texture>
			</control>
			<control type="image">
				<centerleft>50%</centerleft>
				<centertop>50%</centertop>
				<width>150</width>
				<height>150</height>
				<aspectratio>keep</aspectratio>
				<colordiffuse>blue2</colordiffuse>
<animation effect="rotate" end="-360" center="auto" time="1100" delay="400" loop="true" reversible="false" condition="true">Conditional</animation>
				<texture>spinner/media_1.png</texture>
			</control>
			<control type="image">
				<centerleft>50%</centerleft>
				<centertop>50%</centertop>
				<width>150</width>
				<height>150</height>
				<aspectratio>keep</aspectratio>
				<colordiffuse>blue2</colordiffuse>
<animation effect="rotate" end="-360" center="auto" time="1050" delay="450" loop="true" reversible="false" condition="true">Conditional</animation>
				<texture>spinner/media_1.png</texture>
			</control>
			<control type="image">
				<centerleft>50%</centerleft>
				<centertop>50%</centertop>
				<width>150</width>
				<height>150</height>
				<aspectratio>keep</aspectratio>
				<colordiffuse>blue2</colordiffuse>
<animation effect="rotate" end="-360" center="auto" time="1000" delay="500" loop="true" reversible="false" condition="true">Conditional</animation>
				<texture>spinner/media_1.png</texture>
			</control>
		</control>

		<control type="group">
			<visible>!Player.HasMedia</visible>
			<control type="image">
				<centerleft>50%</centerleft>
				<centertop>50%</centertop>
				<width>100</width>
				<height>100</height>
				<aspectratio>keep</aspectratio>
<animation effect="rotate" end="-360" center="auto" time="1500" delay="0" loop="true" reversible="false" condition="true">Conditional</animation>
				<texture>spinner/1.png</texture>
			</control>
			<control type="image">
				<centerleft>50%</centerleft>
				<centertop>50%</centertop>
				<width>100</width>
				<height>100</height>
				<aspectratio>keep</aspectratio>
<animation effect="rotate" end="-360" center="auto" time="1300" delay="200" loop="true" reversible="false" condition="true">Conditional</animation>
				<texture>spinner/1.png</texture>
			</control>
			<control type="image">
				<centerleft>50%</centerleft>
				<centertop>50%</centertop>
				<width>100</width>
				<height>100</height>
				<aspectratio>keep</aspectratio>
<animation effect="rotate" end="-360" center="auto" time="1100" delay="400" loop="true" reversible="false" condition="true">Conditional</animation>
				<texture>spinner/1.png</texture>
			</control>
			<control type="image">
				<centerleft>50%</centerleft>
				<centertop>50%</centertop>
				<width>100</width>
				<height>100</height>
				<aspectratio>keep</aspectratio>
<animation effect="rotate" end="-360" center="auto" time="900" delay="600" loop="true" reversible="false" condition="true">Conditional</animation>
				<texture>spinner/1.png</texture>
			</control>
			<control type="image">
				<centerleft>50%</centerleft>
				<centertop>50%</centertop>
				<width>100</width>
				<height>100</height>
				<aspectratio>keep</aspectratio>
<animation effect="rotate" end="-360" center="auto" time="700" delay="800" loop="true" reversible="false" condition="true">Conditional</animation>
				<texture>spinner/1.png</texture>
			</control>
			<control type="image">
				<centerleft>50%</centerleft>
				<centertop>50%</centertop>
				<width>100</width>
				<height>100</height>
				<aspectratio>keep</aspectratio>
<animation effect="rotate" end="-360" center="auto" time="500" delay="1000" loop="true" reversible="false" condition="true">Conditional</animation>
				<texture>spinner/1.png</texture>
			</control>
			<control type="image">
				<centerleft>50%</centerleft>
				<centertop>50%</centertop>
				<width>100</width>
				<height>100</height>
				<aspectratio>keep</aspectratio>
<animation effect="rotate" end="-360" center="auto" time="300" delay="1200" loop="true" reversible="false" condition="true">Conditional</animation>
				<texture>spinner/1.png</texture>
			</control>
			<control type="image">
				<centerleft>50%</centerleft>
				<centertop>50%</centertop>
				<width>100</width>
				<height>100</height>
				<aspectratio>keep</aspectratio>
<animation effect="rotate" end="-360" center="auto" time="100" delay="1400" loop="true" reversible="false" condition="true">Conditional</animation>
				<texture>spinner/1.png</texture>
			</control>

		</control>

	</controls>
</window>
