<?xml version="1.0" encoding="UTF-8"?>
<includes>
	<include name="HomeWidgetGames">
			<control type="group" id="9003">
				<left>360</left>
				<top>200r</top>
				<visible>Library.HasContent(Music)</visible>
				<visible>Container(9000).Hasfocus(3) + !Skin.HasSetting(HomepageHideRecentlyAddedAlbums) + !Skin.HasSetting(HomeMenuMusicUsePlaylist)</visible>
				<include>VisibleFadeEffect</include>
	<animation effect="slide" start="0,500" end="0,0" time="500" condition="Container(9000).HasFocus(3)">conditional</animation>
	<animation effect="slide" start="0,0" end="0,-500" time="500" condition="ControlGroup(9003).HasFocus">conditional</animation>
				<control type="label">
					<description>Title label</description>
					<left>240</left>
					<top>330</top>
					<height>30</height>
					<width>720</width>
					<label>359</label>
					<align>center</align>
					<aligny>center</aligny>
					<font>font12_title</font>
					<textcolor>white</textcolor>
					<shadowcolor>black</shadowcolor>
				</control>
				<control type="list" id="8002">
					<animation effect="slide" start="0,0" end="150,0" time="0" condition="String.IsEqual(Container(8002).NumItems,3)">conditional</animation>
					<animation effect="slide" start="0,0" end="300,0" time="0" condition="String.IsEqual(Container(8002).NumItems,2)">conditional</animation>
					<animation effect="slide" start="0,0" end="450,0" time="0" condition="String.IsEqual(Container(8002).NumItems,1)">conditional</animation>
					<left>0</left>
					<top>0</top>
					<width>1200</width>
					<height>360</height>
					<onleft>8002</onleft>
					<onright>8002</onright>
					<onup>9000</onup>
					<ondown condition="Control.IsVisible(600)">600</ondown>
					<ondown condition="!Control.IsVisible(600)">9000</ondown>
					<viewtype label="535">list</viewtype>
					<pagecontrol />
					<scrolltime>200</scrolltime>
					<orientation>Horizontal</orientation>
					<onclick>PlayMedia($INFO[ListItem.FolderPath],isdir)</onclick>
					<itemlayout height="330" width="300">
						<control type="image">
							<description>background</description>
							<left>0</left>
							<top>0</top>
							<width>300</width>
							<height>330</height>
							<texture border="15">RecentAddedBack.png</texture>
						</control>
						<control type="image">
							<left>15</left>
							<top>15</top>
							<width>270</width>
							<height>233</height>
							<aspectratio>keep</aspectratio>
							<texture fallback="DefaultAlbumCover.png" background="true">$INFO[ListItem.Art(thumb)]</texture>
							<bordertexture infill="false" border="5">button-nofocus.png</bordertexture>
							<bordersize>5</bordersize>
						</control>
						<control type="label">
							<left>15</left>
							<top>255</top>
							<width>270</width>
							<height>30</height>
							<font>font10</font>
							<textcolor>grey2</textcolor>
							<shadowcolor>black</shadowcolor>
							<selectedcolor>selected</selectedcolor>
							<align>center</align>
							<aligny>center</aligny>
							<label>$INFO[ListItem.Artist]</label>
						</control>
						<control type="label">
							<left>15</left>
							<top>285</top>
							<width>270</width>
							<height>30</height>
							<font>font12</font>
							<textcolor>white</textcolor>
							<shadowcolor>black</shadowcolor>
							<selectedcolor>selected</selectedcolor>
							<align>center</align>
							<aligny>center</aligny>
							<label>$INFO[ListItem.Label]</label>
						</control>
					</itemlayout>
					<focusedlayout height="330" width="300">
						<control type="image">
							<description>background</description>
							<left>0</left>
							<top>0</top>
							<width>300</width>
							<height>330</height>
							<texture border="15">RecentAddedBack.png</texture>
						</control>
						<control type="image">
							<left>15</left>
							<top>15</top>
							<width>270</width>
							<height>233</height>
							<aspectratio>keep</aspectratio>
							<texture fallback="DefaultAlbumCover.png" background="true">$INFO[ListItem.Art(thumb)]</texture>
							<bordertexture infill="false" border="5">folder-focus.png</bordertexture>
							<bordersize>5</bordersize>
							<visible>Control.HasFocus(8002)</visible>
						</control>
						<control type="image">
							<left>15</left>
							<top>15</top>
							<width>270</width>
							<height>233</height>
							<aspectratio>keep</aspectratio>
							<texture fallback="DefaultAlbumCover.png" background="true">$INFO[ListItem.Art(thumb)]</texture>
							<bordertexture infill="false" border="5">button-nofocus.png</bordertexture>
							<bordersize>5</bordersize>
							<visible>!Control.HasFocus(8002)</visible>
						</control>
						<control type="label">
							<left>15</left>
							<top>255</top>
							<width>270</width>
							<height>30</height>
							<font>font10</font>
							<textcolor>grey2</textcolor>
							<shadowcolor>black</shadowcolor>
							<selectedcolor>selected</selectedcolor>
							<align>center</align>
							<aligny>center</aligny>
							<label>$INFO[ListItem.Artist]</label>
						</control>
						<control type="label">
							<left>15</left>
							<top>285</top>
							<width>270</width>
							<height>30</height>
							<font>font12</font>
							<textcolor>white</textcolor>
							<shadowcolor>black</shadowcolor>
							<selectedcolor>selected</selectedcolor>
							<align>center</align>
							<aligny>center</aligny>
							<label>$INFO[ListItem.Label]</label>
							<visible>!Control.HasFocus(8002)</visible>
						</control>
						<control type="label">
							<left>15</left>
							<top>285</top>
							<width>270</width>
							<height>30</height>
							<font>font12</font>
							<textcolor>blue</textcolor>
							<selectedcolor>selected</selectedcolor>
							<align>center</align>
							<aligny>center</aligny>
							<label>$INFO[ListItem.Label]</label>
							<visible>Control.HasFocus(8002)</visible>
						</control>
					</focusedlayout>
					<content target="music" sortby="dateadded" sortorder="descending" limit="15" browse="never">musicdb://recentlyaddedalbums</content>
				</control>
				<control type="button">
					<description>left Arrow</description>
					<left>-60</left>
					<top>135</top>
					<width>45</width>
					<height>60</height>
					<texturefocus>arrow-big-left.png</texturefocus>
					<texturenofocus>arrow-big-left.png</texturenofocus>
					<onclick>Control.Move(8002,-1)</onclick>
					<visible>Control.HasFocus(8002) + Container(8002).HasPrevious</visible>
					<include>VisibleFadeEffect</include>
				</control>
				<control type="button">
					<description>right Arrow</description>
					<left>1215</left>
					<top>135</top>
					<width>45</width>
					<height>60</height>
					<texturefocus>arrow-big-right.png</texturefocus>
					<texturenofocus>arrow-big-right.png</texturenofocus>
					<onclick>Control.Move(8002,1)</onclick>
					<visible>Control.HasFocus(8002) + Container(8002).HasNext</visible>
					<include>VisibleFadeEffect</include>
				</control>
			</control>
			<control type="group" id="9003">
				<left>360</left>
				<top>200r</top>
				<visible>Container(9000).Hasfocus(14)</visible>
	<animation effect="slide" start="0,500" end="0,0" time="500" condition="Container(9000).HasFocus(14)">conditional</animation>
	<animation effect="slide" start="0,0" end="0,-500" time="500" condition="ControlGroup(9003).HasFocus">conditional</animation>
				<control type="label">
					<description>Title label</description>
					<left>240</left>
					<top>330</top>
					<height>30</height>
					<width>720</width>
					<label>ИГРЫ</label>
					<align>center</align>
					<aligny>center</aligny>
					<font>font12_title</font>
					<textcolor>white</textcolor>
					<shadowcolor>black</shadowcolor>
				</control>
				<control type="list" id="8008">
					<animation effect="slide" start="0,0" end="150,0" time="0" condition="String.IsEqual(Container(8002).NumItems,3)">conditional</animation>
					<animation effect="slide" start="0,0" end="300,0" time="0" condition="String.IsEqual(Container(8002).NumItems,2)">conditional</animation>
					<animation effect="slide" start="0,0" end="450,0" time="0" condition="String.IsEqual(Container(8002).NumItems,1)">conditional</animation>
					<left>0</left>
					<top>0</top>
					<width>1200</width>
					<height>360</height>
					<onleft>8008</onleft>
					<onright>8008</onright>
					<onup>9000</onup>
					<ondown condition="Control.IsVisible(600)">600</ondown>
					<ondown condition="!Control.IsVisible(600)">9000</ondown>
					<viewtype label="535">list</viewtype>
					<pagecontrol />
					<scrolltime>200</scrolltime>
					<orientation>Horizontal</orientation>
					<onclick>PlayMedia($INFO[ListItem.FolderPath])</onclick>
					<itemlayout height="330" width="300">
						<control type="image">
							<description>background</description>
							<left>0</left>
							<top>0</top>
							<width>300</width>
							<height>330</height>
							<texture border="15">RecentAddedBack.png</texture>
						</control>
						<control type="image">
							<left>15</left>
							<top>15</top>
							<width>270</width>
							<height>233</height>
							<aspectratio>keep</aspectratio>
				<texture background="true">$INFO[ListItem.FileName,davs://webdav.yandex.ru/yandex_disk_C/ROMs/NES/,.jpg]</texture>
							<bordertexture infill="false" border="5">button-nofocus.png</bordertexture>
							<bordersize>5</bordersize>
						</control>
						<control type="label">
							<left>15</left>
							<top>255</top>
							<width>270</width>
							<height>30</height>
							<font>font10</font>
							<textcolor>grey2</textcolor>
							<shadowcolor>black</shadowcolor>
							<selectedcolor>selected</selectedcolor>
							<align>center</align>
							<aligny>center</aligny>
							<label>$INFO[ListItem.Artist]</label>
						</control>
						<control type="label">
							<left>15</left>
							<top>285</top>
							<width>270</width>
							<height>30</height>
							<font>font12</font>
							<textcolor>white</textcolor>
							<shadowcolor>black</shadowcolor>
							<selectedcolor>selected</selectedcolor>
							<align>center</align>
							<aligny>center</aligny>
							<label>$INFO[ListItem.Label]</label>
						</control>
					</itemlayout>
					<focusedlayout height="330" width="300">
						<control type="image">
							<description>background</description>
							<left>0</left>
							<top>0</top>
							<width>300</width>
							<height>330</height>
							<texture border="15">RecentAddedBack.png</texture>
						</control>
						<control type="image">
							<left>15</left>
							<top>15</top>
							<width>270</width>
							<height>233</height>
							<aspectratio>keep</aspectratio>
					<texture background="true">$INFO[ListItem.FileName,davs://webdav.yandex.ru/yandex_disk_C/ROMs/NES/,.jpg]</texture>>
							<bordertexture infill="false" border="5">folder-focus.png</bordertexture>
							<bordersize>5</bordersize>
							<visible>Control.HasFocus(8008)</visible>
						</control>
						<control type="image">
							<left>15</left>
							<top>15</top>
							<width>270</width>
							<height>233</height>
							<aspectratio>keep</aspectratio>
					<texture background="true">$INFO[ListItem.FileName,davs://webdav.yandex.ru/yandex_disk_C/ROMs/NES/,.jpg]</texture>
							<bordertexture infill="false" border="5">button-nofocus.png</bordertexture>
							<bordersize>5</bordersize>
							<visible>!Control.HasFocus(8008)</visible>
						</control>
						<control type="label">
							<left>15</left>
							<top>255</top>
							<width>270</width>
							<height>30</height>
							<font>font10</font>
							<textcolor>grey2</textcolor>
							<shadowcolor>black</shadowcolor>
							<selectedcolor>selected</selectedcolor>
							<align>center</align>
							<aligny>center</aligny>
							<label>$INFO[ListItem.Artist]</label>
						</control>
						<control type="label">
							<left>15</left>
							<top>285</top>
							<width>270</width>
							<height>30</height>
							<font>font12</font>
							<textcolor>white</textcolor>
							<shadowcolor>black</shadowcolor>
							<selectedcolor>selected</selectedcolor>
							<align>center</align>
							<aligny>center</aligny>
							<label>$INFO[ListItem.Label]</label>
							<visible>!Control.HasFocus(8008)</visible>
						</control>
						<control type="label">
							<left>15</left>
							<top>285</top>
							<width>270</width>
							<height>30</height>
							<font>font12</font>
							<textcolor>blue</textcolor>
							<selectedcolor>selected</selectedcolor>
							<align>center</align>
							<aligny>center</aligny>
							<label>$INFO[ListItem.Label]</label>
							<visible>Control.HasFocus(8008)</visible>
						</control>
					</focusedlayout>
					<content target="games" sortby="lastused" sortorder="descending" limit="150" browse="never">davs://webdav.yandex.ru/yandex_disk_C/Games/NES/</content>
				</control>
				<control type="button">
					<description>left Arrow</description>
					<left>-60</left>
					<top>135</top>
					<width>45</width>
					<height>60</height>
					<texturefocus>arrow-big-left.png</texturefocus>
					<texturenofocus>arrow-big-left.png</texturenofocus>
					<onclick>Control.Move(8008,-1)</onclick>
					<visible>Control.HasFocus(8008) + Container(8008).HasPrevious</visible>
					<include>VisibleFadeEffect</include>
				</control>
				<control type="button">
					<description>right Arrow</description>
					<left>1215</left>
					<top>135</top>
					<width>45</width>
					<height>60</height>
					<texturefocus>arrow-big-right.png</texturefocus>
					<texturenofocus>arrow-big-right.png</texturenofocus>
					<onclick>Control.Move(8008,1)</onclick>
					<visible>Control.HasFocus(8008) + Container(8008).HasNext</visible>
					<include>VisibleFadeEffect</include>
				</control>
			</control>

	</include>




	<include name="HomeWidgetAddons">
			<control type="group" id="9003">
				<left>360</left>
				<top>200r</top>
				<visible>Library.HasContent(Music)</visible>
				<visible>Container(9000).Hasfocus(1) + !Skin.HasSetting(HomepageHideRecentlyAddedAlbums) + !Skin.HasSetting(HomeMenuMusicUsePlaylist)</visible>
				<include>VisibleFadeEffect</include>
	<animation effect="slide" start="0,500" end="0,0" time="500" condition="Container(9000).HasFocus(1)">conditional</animation>
	<animation effect="slide" start="0,0" end="0,-500" time="500" condition="ControlGroup(9003).HasFocus">conditional</animation>
				<control type="label">
					<description>Title label</description>
					<left>240</left>
					<top>330</top>
					<height>30</height>
					<width>720</width>
					<label>ПРОГРАММЫ</label>
					<align>center</align>
					<aligny>center</aligny>
					<font>font12_title</font>
					<textcolor>white</textcolor>
					<shadowcolor>black</shadowcolor>
				</control>
				<control type="list" id="8009">
					<animation effect="slide" start="0,0" end="150,0" time="0" condition="String.IsEqual(Container(8002).NumItems,3)">conditional</animation>
					<animation effect="slide" start="0,0" end="300,0" time="0" condition="String.IsEqual(Container(8002).NumItems,2)">conditional</animation>
					<animation effect="slide" start="0,0" end="450,0" time="0" condition="String.IsEqual(Container(8002).NumItems,1)">conditional</animation>
					<left>0</left>
					<top>0</top>
					<width>1200</width>
					<height>360</height>
					<onleft>8009</onleft>
					<onright>8009</onright>
					<onup>9000</onup>
					<ondown condition="Control.IsVisible(600)">600</ondown>
					<ondown condition="!Control.IsVisible(600)">9000</ondown>
					<viewtype label="535">list</viewtype>
					<pagecontrol />
					<scrolltime>200</scrolltime>
					<orientation>Horizontal</orientation>
					<onclick>RunAddon($INFO[ListItem.Property(Addon.ID)])</onclick>
					<itemlayout height="330" width="300">
						<control type="image">
							<description>background</description>
							<left>0</left>
							<top>0</top>
							<width>300</width>
							<height>330</height>
							<texture border="15">RecentAddedBack.png</texture>
						</control>
						<control type="image">
							<left>15</left>
							<top>15</top>
							<width>270</width>
							<height>233</height>
							<aspectratio>keep</aspectratio>
							<texture fallback="DefaultAlbumCover.png" background="true">$INFO[ListItem.Art(thumb)]</texture>
							<bordertexture infill="false" border="5">button-nofocus.png</bordertexture>
							<bordersize>5</bordersize>
						</control>
						<control type="label">
							<left>15</left>
							<top>255</top>
							<width>270</width>
							<height>30</height>
							<font>font10</font>
							<textcolor>grey2</textcolor>
							<shadowcolor>black</shadowcolor>
							<selectedcolor>selected</selectedcolor>
							<align>center</align>
							<aligny>center</aligny>
							<label>$INFO[ListItem.Artist]</label>
						</control>
						<control type="label">
							<left>15</left>
							<top>285</top>
							<width>270</width>
							<height>30</height>
							<font>font12</font>
							<textcolor>white</textcolor>
							<shadowcolor>black</shadowcolor>
							<selectedcolor>selected</selectedcolor>
							<align>center</align>
							<aligny>center</aligny>
							<label>$INFO[ListItem.Label]</label>
						</control>
					</itemlayout>
					<focusedlayout height="330" width="300">
						<control type="image">
							<description>background</description>
							<left>0</left>
							<top>0</top>
							<width>300</width>
							<height>330</height>
							<texture border="15">RecentAddedBack.png</texture>
						</control>
						<control type="image">
							<left>15</left>
							<top>15</top>
							<width>270</width>
							<height>233</height>
							<aspectratio>keep</aspectratio>
							<texture fallback="DefaultAlbumCover.png" background="true">$INFO[ListItem.Art(thumb)]</texture>
							<bordertexture infill="false" border="5">folder-focus.png</bordertexture>
							<bordersize>5</bordersize>
							<visible>Control.HasFocus(8009)</visible>
						</control>
						<control type="image">
							<left>15</left>
							<top>15</top>
							<width>270</width>
							<height>233</height>
							<aspectratio>keep</aspectratio>
							<texture fallback="DefaultAlbumCover.png" background="true">$INFO[ListItem.Art(thumb)]</texture>
							<bordertexture infill="false" border="5">button-nofocus.png</bordertexture>
							<bordersize>5</bordersize>
							<visible>!Control.HasFocus(8009)</visible>
						</control>
						<control type="label">
							<left>15</left>
							<top>255</top>
							<width>270</width>
							<height>30</height>
							<font>font10</font>
							<textcolor>grey2</textcolor>
							<shadowcolor>black</shadowcolor>
							<selectedcolor>selected</selectedcolor>
							<align>center</align>
							<aligny>center</aligny>
							<label>$INFO[ListItem.Artist]</label>
						</control>
						<control type="label">
							<left>15</left>
							<top>285</top>
							<width>270</width>
							<height>30</height>
							<font>font12</font>
							<textcolor>white</textcolor>
							<shadowcolor>black</shadowcolor>
							<selectedcolor>selected</selectedcolor>
							<align>center</align>
							<aligny>center</aligny>
							<label>$INFO[ListItem.Label]</label>
							<visible>!Control.HasFocus(8009)</visible>
						</control>
						<control type="label">
							<left>15</left>
							<top>285</top>
							<width>270</width>
							<height>30</height>
							<font>font12</font>
							<textcolor>blue</textcolor>
							<selectedcolor>selected</selectedcolor>
							<align>center</align>
							<aligny>center</aligny>
							<label>$INFO[ListItem.Label]</label>
							<visible>Control.HasFocus(8009)</visible>
						</control>
					</focusedlayout>
	<content target="addons" sortby="lastused" sortorder="descending" limit="150" browse="never">addons://sources/executable</content>
				</control>
				<control type="button">
					<description>left Arrow</description>
					<left>-60</left>
					<top>135</top>
					<width>45</width>
					<height>60</height>
					<texturefocus>arrow-big-left.png</texturefocus>
					<texturenofocus>arrow-big-left.png</texturenofocus>
					<onclick>Control.Move(8009,-1)</onclick>
					<visible>Control.HasFocus(8009) + Container(8009).HasPrevious</visible>
					<include>VisibleFadeEffect</include>
				</control>
				<control type="button">
					<description>right Arrow</description>
					<left>1215</left>
					<top>135</top>
					<width>45</width>
					<height>60</height>
					<texturefocus>arrow-big-right.png</texturefocus>
					<texturenofocus>arrow-big-right.png</texturenofocus>
					<onclick>Control.Move(8009,1)</onclick>
					<visible>Control.HasFocus(8009) + Container(8009).HasNext</visible>
					<include>VisibleFadeEffect</include>
				</control>
		</control>
	</include>
	<include name="HomeWidgetTV">
			<control type="group" id="9003">
				<left>360</left>
				<top>200r</top>
				<visible>Container(9000).Hasfocus(12)</visible>
				<visible>System.HasPVRAddon + PVR.HasTVChannels</visible>
				<include>VisibleFadeEffect</include>
	<animation effect="slide" start="0,500" end="0,0" time="500" condition="Container(9000).HasFocus(12)">conditional</animation>
	<animation effect="slide" start="0,0" end="0,-500" time="500" condition="ControlGroup(9003).HasFocus">conditional</animation>
				<control type="list" id="8010">
					<animation effect="slide" start="0,0" end="150,0" time="0" condition="String.IsEqual(Container(8010).NumItems,3)">conditional</animation>
					<animation effect="slide" start="0,0" end="300,0" time="0" condition="String.IsEqual(Container(8010).NumItems,2)">conditional</animation>
					<animation effect="slide" start="0,0" end="450,0" time="0" condition="String.IsEqual(Container(8010).NumItems,1)">conditional</animation>
					<left>0</left>
					<top>0</top>
					<width>1200</width>
					<height>360</height>
					<onleft>8010</onleft>
					<onright>8010</onright>
					<onup>9000</onup>
					<ondown condition="Control.IsVisible(600)">600</ondown>
					<ondown condition="!Control.IsVisible(600)">9000</ondown>
					<viewtype label="535">list</viewtype>
					<pagecontrol />
					<scrolltime>200</scrolltime>
					<orientation>Horizontal</orientation>
					<onclick>PlayMedia($INFO[ListItem.FolderPath])</onclick>
					<itemlayout height="330" width="300">
						<control type="image">
							<description>background</description>
							<left>0</left>
							<top>0</top>
							<width>300</width>
							<height>330</height>
							<texture border="15">RecentAddedBack.png</texture>
						</control>
						<control type="image">
							<left>15</left>
							<top>15</top>
							<width>270</width>
							<height>233</height>
							<aspectratio>keep</aspectratio>
							<texture fallback="DefaultAlbumCover.png" background="true">$INFO[ListItem.Art(thumb)]</texture>
							<bordertexture infill="false" border="5">button-nofocus.png</bordertexture>
							<bordersize>5</bordersize>
						</control>
						<control type="label">
							<left>15</left>
							<top>255</top>
							<width>270</width>
							<height>30</height>
							<font>font10</font>
							<textcolor>grey2</textcolor>
							<shadowcolor>black</shadowcolor>
							<selectedcolor>selected</selectedcolor>
							<align>center</align>
							<aligny>center</aligny>
							<label>$INFO[ListItem.Artist]</label>
						</control>
						<control type="label">
							<left>15</left>
							<top>285</top>
							<width>270</width>
							<height>30</height>
							<font>font12</font>
							<textcolor>white</textcolor>
							<shadowcolor>black</shadowcolor>
							<selectedcolor>selected</selectedcolor>
							<align>center</align>
							<aligny>center</aligny>
							<label>$INFO[ListItem.Label]</label>
						</control>
					</itemlayout>
					<focusedlayout height="330" width="300">
						<control type="image">
							<description>background</description>
							<left>0</left>
							<top>0</top>
							<width>300</width>
							<height>330</height>
							<texture border="15">RecentAddedBack.png</texture>
						</control>
						<control type="image">
							<left>15</left>
							<top>15</top>
							<width>270</width>
							<height>233</height>
							<aspectratio>keep</aspectratio>
							<texture fallback="DefaultAlbumCover.png" background="true">$INFO[ListItem.Art(thumb)]</texture>
							<bordertexture infill="false" border="5">folder-focus.png</bordertexture>
							<bordersize>5</bordersize>
							<visible>Control.HasFocus(8010)</visible>
						</control>
						<control type="image">
							<left>15</left>
							<top>15</top>
							<width>270</width>
							<height>233</height>
							<aspectratio>keep</aspectratio>
							<texture fallback="DefaultAlbumCover.png" background="true">$INFO[ListItem.Art(thumb)]</texture>
							<bordertexture infill="false" border="5">button-nofocus.png</bordertexture>
							<bordersize>5</bordersize>
							<visible>!Control.HasFocus(8010)</visible>
						</control>
						<control type="label">
							<left>15</left>
							<top>255</top>
							<width>270</width>
							<height>30</height>
							<font>font10</font>
							<textcolor>grey2</textcolor>
							<shadowcolor>black</shadowcolor>
							<selectedcolor>selected</selectedcolor>
							<align>center</align>
							<aligny>center</aligny>
							<label>$INFO[ListItem.Artist]</label>
						</control>
						<control type="label">
							<left>15</left>
							<top>285</top>
							<width>270</width>
							<height>30</height>
							<font>font12</font>
							<textcolor>white</textcolor>
							<shadowcolor>black</shadowcolor>
							<selectedcolor>selected</selectedcolor>
							<align>center</align>
							<aligny>center</aligny>
							<label>$INFO[ListItem.Label]</label>
							<visible>!Control.HasFocus(8010)</visible>
						</control>
						<control type="label">
							<left>15</left>
							<top>285</top>
							<width>270</width>
							<height>30</height>
							<font>font12</font>
							<textcolor>blue</textcolor>
							<selectedcolor>selected</selectedcolor>
							<align>center</align>
							<aligny>center</aligny>
							<label>$INFO[ListItem.Label]</label>
							<visible>Control.HasFocus(8010)</visible>
						</control>
					</focusedlayout>
					<content target="music" sortby="lastplayed" sortorder="descending" limit="20" browse="never">pvr://channels/tv/*?view=lastplayed</content>
				</control>
				<control type="button">
					<description>left Arrow</description>
					<left>-60</left>
					<top>135</top>
					<width>45</width>
					<height>60</height>
					<texturefocus>arrow-big-left.png</texturefocus>
					<texturenofocus>arrow-big-left.png</texturenofocus>
					<onclick>Control.Move(8010,-1)</onclick>
					<visible>Control.HasFocus(8010) + Container(8010).HasPrevious</visible>
					<include>VisibleFadeEffect</include>
				</control>
				<control type="button">
					<description>right Arrow</description>
					<left>1215</left>
					<top>135</top>
					<width>45</width>
					<height>60</height>
					<texturefocus>arrow-big-right.png</texturefocus>
					<texturenofocus>arrow-big-right.png</texturenofocus>
					<onclick>Control.Move(8010,1)</onclick>
					<visible>Control.HasFocus(8010) + Container(8010).HasNext</visible>
					<include>VisibleFadeEffect</include>
				</control>
			</control>
	</include>


















	<include name="HomeWidgetMovies">
			<control type="group" id="9003">
				<left>360</left>
				<top>200r</top>
				<visible>Container(9000).Hasfocus(10)</visible>
				<visible>System.HasPVRAddon + PVR.HasTVChannels</visible>
				<include>VisibleFadeEffect</include>
	<animation effect="slide" start="0,500" end="0,0" time="500" condition="Container(9000).HasFocus(10)">conditional</animation>
	<animation effect="slide" start="0,0" end="0,-500" time="500" condition="ControlGroup(9003).HasFocus">conditional</animation>
				<control type="list" id="8020">
					<animation effect="slide" start="0,0" end="150,0" time="0" condition="String.IsEqual(Container(8010).NumItems,3)">conditional</animation>
					<animation effect="slide" start="0,0" end="300,0" time="0" condition="String.IsEqual(Container(8010).NumItems,2)">conditional</animation>
					<animation effect="slide" start="0,0" end="450,0" time="0" condition="String.IsEqual(Container(8010).NumItems,1)">conditional</animation>
					<left>0</left>
					<top>0</top>
					<width>1200</width>
					<height>360</height>
					<onleft>8020</onleft>
					<onright>8020</onright>
					<onup>9000</onup>
					<ondown condition="Control.IsVisible(600)">600</ondown>
					<ondown condition="!Control.IsVisible(600)">9000</ondown>
					<viewtype label="535">list</viewtype>
					<pagecontrol />
					<scrolltime>200</scrolltime>
					<orientation>Horizontal</orientation>
					<onclick>PlayMedia($INFO[ListItem.FolderPath])</onclick>
					<itemlayout height="330" width="300">
						<control type="image">
							<description>background</description>
							<left>0</left>
							<top>0</top>
							<width>300</width>
							<height>330</height>
							<texture border="15">RecentAddedBack.png</texture>
						</control>
						<control type="image">
							<left>15</left>
							<top>15</top>
							<width>270</width>
							<height>233</height>
							<aspectratio>keep</aspectratio>
							<texture fallback="DefaultAlbumCover.png" background="true">$INFO[ListItem.Art(thumb)]</texture>
							<bordertexture infill="false" border="5">button-nofocus.png</bordertexture>
							<bordersize>5</bordersize>
						</control>
						<control type="label">
							<left>15</left>
							<top>255</top>
							<width>270</width>
							<height>30</height>
							<font>font10</font>
							<textcolor>grey2</textcolor>
							<shadowcolor>black</shadowcolor>
							<selectedcolor>selected</selectedcolor>
							<align>center</align>
							<aligny>center</aligny>
							<label>$INFO[ListItem.Artist]</label>
						</control>
						<control type="label">
							<left>15</left>
							<top>285</top>
							<width>270</width>
							<height>30</height>
							<font>font12</font>
							<textcolor>white</textcolor>
							<shadowcolor>black</shadowcolor>
							<selectedcolor>selected</selectedcolor>
							<align>center</align>
							<aligny>center</aligny>
							<label>$INFO[ListItem.Label]</label>
						</control>
					</itemlayout>
					<focusedlayout height="330" width="300">
						<control type="image">
							<description>background</description>
							<left>0</left>
							<top>0</top>
							<width>300</width>
							<height>330</height>
							<texture border="15">RecentAddedBack.png</texture>
						</control>
						<control type="image">
							<left>15</left>
							<top>15</top>
							<width>270</width>
							<height>233</height>
							<aspectratio>keep</aspectratio>
							<texture fallback="DefaultAlbumCover.png" background="true">$INFO[ListItem.Art(thumb)]</texture>
							<bordertexture infill="false" border="5">folder-focus.png</bordertexture>
							<bordersize>5</bordersize>
							<visible>Control.HasFocus(8020)</visible>
						</control>
						<control type="image">
							<left>15</left>
							<top>15</top>
							<width>270</width>
							<height>233</height>
							<aspectratio>keep</aspectratio>
							<texture fallback="DefaultAlbumCover.png" background="true">$INFO[ListItem.Art(thumb)]</texture>
							<bordertexture infill="false" border="5">button-nofocus.png</bordertexture>
							<bordersize>5</bordersize>
							<visible>!Control.HasFocus(8020)</visible>
						</control>
						<control type="label">
							<left>15</left>
							<top>255</top>
							<width>270</width>
							<height>30</height>
							<font>font10</font>
							<textcolor>grey2</textcolor>
							<shadowcolor>black</shadowcolor>
							<selectedcolor>selected</selectedcolor>
							<align>center</align>
							<aligny>center</aligny>
							<label>$INFO[ListItem.Artist]</label>
						</control>
						<control type="label">
							<left>15</left>
							<top>285</top>
							<width>270</width>
							<height>30</height>
							<font>font12</font>
							<textcolor>white</textcolor>
							<shadowcolor>black</shadowcolor>
							<selectedcolor>selected</selectedcolor>
							<align>center</align>
							<aligny>center</aligny>
							<label>$INFO[ListItem.Label]</label>
							<visible>!Control.HasFocus(8020)</visible>
						</control>
						<control type="label">
							<left>15</left>
							<top>285</top>
							<width>270</width>
							<height>30</height>
							<font>font12</font>
							<textcolor>blue</textcolor>
							<selectedcolor>selected</selectedcolor>
							<align>center</align>
							<aligny>center</aligny>
							<label>$INFO[ListItem.Label]</label>
							<visible>Control.HasFocus(8020)</visible>
						</control>
					</focusedlayout>
					<content target="plugin" sortby="lastused" sortorder="descending" limit="20" browse="never">plugin://plugin.video.filmix/popular/</content>
				</control>
				<control type="button">
					<description>left Arrow</description>
					<left>-60</left>
					<top>135</top>
					<width>45</width>
					<height>60</height>
					<texturefocus>arrow-big-left.png</texturefocus>
					<texturenofocus>arrow-big-left.png</texturenofocus>
					<onclick>Control.Move(8020,-1)</onclick>
					<visible>Control.HasFocus(8020) + Container(8020).HasPrevious</visible>
					<include>VisibleFadeEffect</include>
				</control>
				<control type="button">
					<description>right Arrow</description>
					<left>1215</left>
					<top>135</top>
					<width>45</width>
					<height>60</height>
					<texturefocus>arrow-big-right.png</texturefocus>
					<texturenofocus>arrow-big-right.png</texturenofocus>
					<onclick>Control.Move(8020,1)</onclick>
					<visible>Control.HasFocus(8020) + Container(8020).HasNext</visible>
					<include>VisibleFadeEffect</include>
				</control>
			</control>
	</include>
</includes>



<!--lastused-->
<!--lastplayed-->