<?xml version="1.0" encoding="UTF-8"?>
<includes>

	<include name="InternetState">
		<control type="group">
			<control type="image">
				<centerleft>50%</centerleft>
				<top>0</top>
				<width>100%</width>
				<height>50</height>
				<fadetime>500</fadetime>
				<aspectratio>scale</aspectratio>
				<texture colordiffuse="grey4">fon.png</texture>
			</control>

			<!--<control type="label">
<animation effect="slide" start="1500" end="-1500" center="auto" time="10000" delay="0" loop="true" reversible="false" condition="true">Conditional</animation>
				<centerleft>50%</centerleft>
				<top>3</top>
				<width>1550</width>
				<height>45</height>
				<align>center</align>
				<aligny>center</aligny>
				<font>font16_title</font>
				<textcolor>white</textcolor>
				<shadowcolor>black</shadowcolor>
				<label>До Нового Года осталось: 15 дней 23 часа 30 минут</label>
			</control>-->

		<control type="group">
			<control type="image">
				<right>30</right>
				<top>7</top>
				<width>70</width>
				<height>30</height>
      				<colordiffuse></colordiffuse>
				<texture>battery/battery.png</texture>
			</control>
			<control type="image">
				<right>30</right>
				<top>7</top>
				<width>70</width>
				<height>30</height>
      				<colordiffuse></colordiffuse>
				<texture>battery/20.png</texture>
				<visible>Integer.IsLess(System.BatteryLevel,20)</visible>
			</control>
			<control type="image">
				<right>30</right>
				<top>7</top>
				<width>70</width>
				<height>30</height>
      				<colordiffuse></colordiffuse>
				<texture>battery/40.png</texture>
				<visible>Integer.IsGreaterOrEqual(System.BatteryLevel,20)</visible>
				<visible>Integer.IsLess(System.BatteryLevel,40)</visible>
			</control>
			<control type="image">
				<right>30</right>
				<top>7</top>
				<width>70</width>
				<height>30</height>
      				<colordiffuse></colordiffuse>
				<texture>battery/60.png</texture>
				<visible>Integer.IsGreaterOrEqual(System.BatteryLevel,40)</visible>
				<visible>Integer.IsLess(System.BatteryLevel,60)</visible>
			</control>
			<control type="image">
				<right>30</right>
				<top>7</top>
				<width>70</width>
				<height>30</height>
      				<colordiffuse></colordiffuse>
				<texture>battery/80.png</texture>
				<visible>Integer.IsGreaterOrEqual(System.BatteryLevel,60)</visible>
				<visible>Integer.IsLess(System.BatteryLevel,80)</visible>
			</control>
			<control type="image">
				<right>30</right>
				<top>7</top>
				<width>70</width>
				<height>30</height>
      				<colordiffuse></colordiffuse>
				<texture>battery/100.png</texture>
				<visible>Integer.IsGreaterOrEqual(System.BatteryLevel,80)</visible>
				<visible>Integer.IsLessOrEqual(System.BatteryLevel,100)</visible>
			</control>
		</control>







			<control type="image">
				<right>120</right>
				<top>5</top>
				<width>35</width>
				<height>35</height>
      				<colordiffuse></colordiffuse>
				<texture>connected.png</texture>
				<visible>String.IsEqual(Network.MacAddress,DC:29:19:9E:C5:F8)</visible>
				<visible>String.IsEqual(System.InternetState,подключен)</visible>
			</control>
			<control type="image">
				<right>120</right>
				<top>5</top>
				<width>35</width>
				<height>35</height>
      				<colordiffuse></colordiffuse>
				<texture>connected.png</texture>
				<visible>String.IsEqual(Network.MacAddress,74:04:F1:4F:65:69)</visible>
				<visible>String.IsEqual(System.InternetState,подключен)</visible>
			</control>
			<control type="image">
				<right>120</right>
				<top>5</top>
				<width>35</width>
				<height>35</height>
      				<colordiffuse></colordiffuse>
				<texture>set.png</texture>
				<visible>String.IsEqual(Network.MacAddress,D4:9E:3B:D2:69:D4)</visible>
				<visible>String.IsEqual(System.InternetState,подключен)</visible>
			</control>
			<control type="image">
				<right>120</right>
				<top>5</top>
				<width>35</width>
				<height>35</height>
      				<colordiffuse></colordiffuse>
				<texture>chasing_arrows.png</texture>
<animation effect="rotate" end="-90" center="auto" time="200" delay="600" loop="true" reversible="false" condition="true">Conditional</animation>
				<visible>String.Contains(System.InternetState,Ожидайте)</visible>
			</control>
			<control type="image">
				<right>120</right>
				<top>5</top>
				<width>35</width>
				<height>35</height>
      				<colordiffuse></colordiffuse>
				<texture>disconnected.png</texture>
				<visible>String.Contains(System.InternetState,не подключен)</visible>
			</control>
			<control type="group">
				<left>-80</left>
				<control type="label">
					<left>32</left>
					<top>3</top>
					<width>200</width>
					<height>45</height>
					<align>center</align>
					<aligny>center</aligny>
					<font>font10</font>
					<textcolor>white</textcolor>
					<shadowcolor>black</shadowcolor>
					<label>$INFO[System.Memory(used.percent)]</label>
				</control>
				<control type="image">
					<left>100</left>
					<top>2</top>
					<width>65</width>
					<height>46</height>
      					<colordiffuse></colordiffuse>
					<texture>RAM.png</texture>
				</control>
			</control>
		</control>
	</include>
</includes>
