<?xml version="1.0" encoding="UTF-8"?>
<window>
	<defaultcontrol always="true">87</defaultcontrol>
	<controls>
			<control type="button" id="87">
				<left>600</left>
				<texturefocus border="5"></texturefocus>
				<texturenofocus border="5"></texturenofocus>
      				<onup>ChannelUp</onup>
      				<ondown>ChannelDown</ondown>
				<onleft>ChapterOrBigStepBack</onleft>
				<onright>BigStepForward</onright>
				<onclick>Back</onclick>
				<onfocus>Back</onfocus>
				<animation effect="fade" end="100" time="5000">Focus</animation>
			</control>


		<control type="group" id="1">
			<visible>!Player.Paused</visible>
			<control type="image">
				<left>25</left>
				<top>8</top>
				<width>120</width>
				<height>45</height>
				<texture colordiffuse="black">special://skin/extras/OSD_TV.png</texture>
				<bordertexture border="-3" infill="false" colordiffuse="grey">special://skin/extras/OSD_TV.png</bordertexture>
			</control>
			<control type="label">
				<left>25</left>
				<top>8</top>
				<width>120</width>
				<height>45</height>
				<align>center</align>
				<aligny>center</aligny>
				<font>font28_title</font>
				<textcolor>white</textcolor>
				<shadowcolor>black</shadowcolor>
				<label>[B]$INFO[System.Memory(used.percent)][/B]</label>
			</control>
		<control type="image">
			<left>25</left>
			<top>60</top>
			<width>180</width>
			<height>30</height>
			<texture colordiffuse="black">special://skin/extras/OSD_TV.png</texture>
			<bordertexture border="-3" infill="false" colordiffuse="grey">special://skin/extras/OSD_TV.png</bordertexture>
		</control>
		<control type="label">
			<left>30</left>
			<top>62</top>
			<width>300</width>
			<height>23</height>
			<align>left</align>
			<aligny>center</aligny>
			<font>font10</font>
			<textcolor>white</textcolor>
			<shadowcolor>black</shadowcolor>
			<label>FPS:$INFO[System.FPS]</label>
		</control>

		<control type="label">
			<left>-90</left>
			<top>62</top>
			<width>290</width>
			<height>23</height>
			<align>right</align>
			<aligny>center</aligny>
			<font>font10</font>
			<textcolor>white</textcolor>
			<shadowcolor>black</shadowcolor>
			<label>$INFO[Player.CacheLevel]%</label>
		</control>










		<control type="image">
			<right>25</right>
			<top>60</top>
			<width>180</width>
			<height>30</height>
			<texture colordiffuse="black">special://skin/extras/OSD_TV.png</texture>
			<bordertexture border="-3" infill="false" colordiffuse="grey">special://skin/extras/OSD_TV.png</bordertexture>
		</control>
			<control type="label">
				<description>Date label</description>
				<right>25</right>
				<top>62</top>
				<width>180</width>
				<height>23</height>
				<align>center</align>
				<aligny>center</aligny>
				<font>font10</font>
				<textcolor>white</textcolor>
				<shadowcolor>black</shadowcolor>
				<label>$INFO[System.Date(ddd dd mmm yyyy)]</label>
				<include>Window_OpenClose_Animation</include>
				<animation effect="slide" start="0,0" end="-60,0" time="75" condition="Player.Muted">conditional</animation>
			</control>
		<control type="image">
			<right>150</right>
			<top>8</top>
			<width>100</width>
			<height>45</height>
			<texture colordiffuse="black">special://skin/extras/OSD_TV.png</texture>
			<bordertexture border="-3" infill="false" colordiffuse="grey">special://skin/extras/OSD_TV.png</bordertexture>
			<visible>!String.IsEmpty(Window(Weather).Property(Current.Temperature))</visible>
		</control>
				<control type="grouplist">
					<right>160</right>
					<top>10</top>
					<width>200</width>
					<height>45</height>
					<orientation>horizontal</orientation>
					<align>right</align>
					<itemgap>0</itemgap>

					<control type="label">
						<description>Temp label</description>
						<width min="0" max="450">auto</width>
						<height>45</height>
						<align>left</align>
						<aligny>center</aligny>
						<font>font28_title</font>
						<textcolor>white</textcolor>
						<shadowcolor>black</shadowcolor>
						<label>[B]$INFO[Window(Weather).Property(Current.Temperature)][/B]</label>
					</control>
					<control type="label">
						<description>Temp Units</description>
						<width min="0" max="150">auto</width>
						<height>33</height>
						<font>font10</font>
						<aligny>center</aligny>
						<label>$INFO[System.TemperatureUnits]</label>
						<textcolor>white</textcolor>
						<shadowcolor>black</shadowcolor>
						<visible>!String.IsEmpty(Window(Weather).Property(Current.Temperature))</visible>
					</control>
				</control>
	</control>


	</controls>
</window>
