<?xml version="1.0" encoding="UTF-8"?>
<window>
	<defaultcontrol />
	<controls>

		<control type="group">
			<visible>!PVR.IsPlayingRadio</visible>
		<visible>!Player.ShowInfo + !Window.IsActive(MusicOSD)</visible>
			<control type="image">
				<centerleft>50%</centerleft>
				<centertop>30%</centertop>
				<width>500</width>
				<height>500</height>
				<texture diffuse="special://skin/extras/audioOSD/cdart_mask.png" fallback="default.png">$INFO[Player.Art(thumb)]</texture>
				<aspectratio aligny="bottom">keep</aspectratio>
				<bordersize>8</bordersize>
	<animation effect="rotate" end="-360" center="auto" time="8333" loop="true" reversible="false" condition="!Player.Paused">Conditional</animation>
			</control>
			<control type="image">
				<centerleft>50%</centerleft>
				<centertop>30%</centertop>
				<width>500</width>
				<height>500</height>
				<texture>special://skin/extras/audioOSD/cdarttop.png</texture>
				<aspectratio aligny="bottom">keep</aspectratio>
				<bordersize>8</bordersize>
			</control>

			<control type="label">
				<centerleft>50%</centerleft>
				<centertop>60%</centertop>
				<width min="15" max="957">auto</width>
				<height>30</height>
				<font>font30</font>
				<align>center</align>
				<aligny>center</aligny>
				<label>"$INFO[Player.Title]"</label>
				<textcolor>grey</textcolor>
				<scroll>true</scroll>
			</control>
			<control type="label" id="1">
				<centerleft>50%</centerleft>
				<centertop>65%</centertop>>
				<width>1365</width>
				<height>38</height>
				<align>center</align>
				<font>font12</font>
				<label>$INFO[MusicPlayer.Artist]</label>
				<textcolor>grey2</textcolor>
				<shadowcolor>black</shadowcolor>
			</control>
			<control type="image">
				<centerleft>50%</centerleft>
				<centertop>55%</centertop>
				<width>700</width>
				<height>700</height>
				<texture colordiffuse="grey">special://skin/extras/audioOSD/vumetro.gif</texture>
				<aspectratio aligny="bottom">keep</aspectratio>
				<visible>!Player.Paused</visible>
			</control>
			<control type="image">
				<centerleft>50%</centerleft>
				<centertop>55%</centertop>
				<width>700</width>
				<height>700</height>
				<texture colordiffuse="grey">special://skin/extras/audioOSD/vumetro.png</texture>
				<aspectratio aligny="bottom">keep</aspectratio>
				<visible>Player.Paused</visible>
			</control>
		</control>


































			<control type="visualisation" id="2">
				<!-- FIX ME Music Visualization needs to have an id of 2 in this window to be able to lock or change preset -->
				<description>visualisation</description>
				<left>0</left>
				<top>0</top>
				<width>1920</width>
				<height>1080</height>
			<visible>!PVR.IsPlayingRadio</visible>
			</control>
			<control type="visualisation" id="2">
					<centerleft>50%</centerleft>
					<centertop>10%</centertop>
				<width>50%</width>
				<height>50%</height>
			<visible>PVR.IsPlayingRadio</visible>
			</control>
			<!--<control type="image" id="1">
				<centerleft>50%</centerleft>
				<centertop>50%</centertop>
				<width>100%</width>
				<height>100%</height>
	<texture fallback=$INFO[Player.Icon]<>$INFO[VideoPlayer.ChannelNumberLabel,davs://webdav.yandex.ru/yandex_disk_C/IPTV/Fanart/,.jpg]</texture>
				<visible>PVR.IsPlayingRadio</visible>
			</control>-->

		<!-- media infos -->
		<control type="group">
			<visible>!PVR.IsPlayingRadio</visible>
			<depth>DepthOSD</depth>
			<animation effect="fade" time="150">VisibleChange</animation>
			<visible>[Player.ShowInfo | Window.IsActive(MusicOSD)] + ![Window.IsVisible(AddonSettings) | Window.IsVisible(SelectDialog) | Window.IsVisible(VisualisationPresetList) | Window.IsVisible(PVROSDChannels) | Window.IsVisible(PVRChannelGuide) | Window.IsVisible(PVRRadioRDSInfo) | Window.IsVisible(Addon)] + PVR.IsPlayingRadio</visible>
			<control type="image" id="1">
				<left>20</left>
				<top>230r</top>
				<width>1880</width>
				<height>200</height>
				<texture colordiffuse="black">special://skin/extras/OSD_TV.png</texture>
				<bordertexture border="-3" infill="false" colordiffuse="grey">special://skin/extras/OSD_TV.png</bordertexture>

			</control>
			<control type="image" id="1">
				<depth>DepthOSDPopout</depth>
				<description>PIcon image</description>
				<left>40</left>
				<top>190r</top>
				<width>250</width>
				<height>125</height>
				<texture fallback="DefaultVideoCover.png">$INFO[Player.Icon]</texture>
				<bordertexture border="-3" infill="true" colordiffuse="grey">special://skin/extras/OSD_TV.png</bordertexture>
			</control>
		<control type="image" id="1">
			<left>360</left>
			<top>195r</top>
			<width>32</width>
			<height>32</height>
			<colordiffuse>grey</colordiffuse>
			<texture>special://skin/extras/arrow.png</texture>
		</control>
		<control type="image" id="1">
			<left>360</left>
			<top>105r</top>
			<width>32</width>
			<height>32</height>
			<colordiffuse>grey</colordiffuse>
			<texture flipy="true" border="0,5,0,0">special://skin/extras/arrow.png</texture>
		</control>
			<control type="label" id="1">
				<left>230</left>
				<top>148r</top>
				<width>200</width>
				<height>30</height>
				<font>font_MainMenu</font>
				<align>right</align>
				<aligny>center</aligny>
				<label>00$INFO[VideoPlayer.ChannelNumberLabel]</label>
				<textcolor>grey</textcolor>
                                <visible>Integer.IsLess(VideoPlayer.ChannelNumberLabel,10)</visible>
			</control>
			<control type="label" id="1">
				<left>230</left>
				<top>148r</top>
				<width>200</width>
				<height>30</height>
				<font>font_MainMenu</font>
				<align>right</align>
				<aligny>center</aligny>
				<label>0$INFO[VideoPlayer.ChannelNumberLabel]</label>
				<textcolor>grey</textcolor>
                                <visible>Integer.IsLess(VideoPlayer.ChannelNumberLabel,100)</visible>
			</control>
			<control type="label" id="1">
				<left>230</left>
				<top>148r</top>
				<width>200</width>
				<height>30</height>
				<font>font_MainMenu</font>
				<align>right</align>
				<aligny>center</aligny>
				<label>$INFO[VideoPlayer.ChannelNumberLabel]</label>
				<textcolor>grey</textcolor>
                                <visible>Integer.IsLess(VideoPlayer.ChannelNumberLabel,1000)</visible>
			</control>
			<control type="label" id="1">
				<description>LiveTV Info label</description>
				<left>470</left>
				<top>230r</top>
				<width>1365</width>
				<height>38</height>
				<align>left</align>
				<font>font28_title</font>
       				<angle>0</angle>
				<label>[B]$INFO[VideoPlayer.ChannelName][/B]</label>
				<textcolor>grey</textcolor>
				<shadowcolor>black</shadowcolor>
			</control>
		<control type="image" id="1">
			<left>470</left>
			<top>120r</top>
			<width>1365</width>
			<height>15</height>
			<texture colordiffuse="grey3">special://skin/extras/Progressbar/bg.png</texture>
			<bordertexture border="-3" infill="true" colordiffuse="grey">special://skin/extras/OSD_TV.png</bordertexture>
		</control>
		<control type="progress" id="1">
			<description>Progressbar</description>
			<left>470</left>
			<top>120r</top>
			<width>1365</width>
			<height>15</height>
			<info>Player.Progress</info>
			<texturebg colordiffuse="grey3">special://skin/extras/Progressbar/bg.png</texturebg>
			<midtexture colordiffuse="grey">special://skin/extras/Progressbar/mid.png</midtexture>
		</control>

		<control type="label" id="1">
			<left>610</left>
			<top>173r</top>
			<width>1260</width>
			<height>38</height>
			<font>font14</font>
			<align>left</align>
			<aligny>center</aligny>
			<scroll>true</scroll>
			<textcolor>grey2</textcolor>
			<label>$INFO[MusicPlayer.Artist] - $INFO[MusicPlayer.Title]</label>
		</control>
			<control type="label" id="1">
				<left>470</left>
				<top>173r</top>
				<width>150</width>
				<height>38</height>
				<font>font14</font>
				<align>left</align>
				<aligny>center</aligny>
				<textcolor>grey2</textcolor>
				<label>$INFO[Player.Time(hh:mm:ss)]</label>
			</control>

		</control>












		<control type="group">
			<depth>DepthOSD</depth>
			<animation effect="fade" time="150">VisibleChange</animation>
			<visible>[Player.ShowInfo | Window.IsActive(MusicOSD)] + ![Window.IsVisible(AddonSettings) | Window.IsVisible(SelectDialog) | Window.IsVisible(VisualisationPresetList) | Window.IsVisible(PVROSDChannels) | Window.IsVisible(PVRChannelGuide) | Window.IsVisible(PVRRadioRDSInfo) | Window.IsVisible(Addon)] + !PVR.IsPlayingRadio</visible>
			<control type="image">
				<left>-30</left>
				<top>-225</top>
				<width>1980</width>
				<height>384</height>
				<texture flipy="true" border="1">HomeNowPlayingBack.png</texture>
			</control>
			<control type="label">
				<description>Partymode Header label</description>
				<left>45</left>
				<top>8</top>
				<width>1200</width>
				<height>38</height>
				<align>left</align>
				<aligny>center</aligny>
				<font>font13</font>
				<textcolor>white</textcolor>
				<shadowcolor>black</shadowcolor>
				<label>$LOCALIZE[589]</label>
				<visible>MusicPartyMode.Enabled</visible>
			</control>
			<control type="label">
				<description>Normal Header label</description>
				<left>45</left>
				<top>8</top>
				<width>1200</width>
				<height>38</height>
				<align>left</align>
				<aligny>center</aligny>
				<font>font13</font>
				<textcolor>white</textcolor>
				<shadowcolor>black</shadowcolor>
				<label>$INFO[musicplayer.Playlistposition,$LOCALIZE[554]: ]$INFO[musicplayer.Playlistlength, / ]</label>
				<visible>!MusicPartyMode.Enabled</visible>
			</control>
			<control type="label">
				<description>Clock label</description>
				<left>675</left>
				<top>8</top>
				<width>1200</width>
				<height>38</height>
				<align>right</align>
				<aligny>center</aligny>
				<font>font13</font>
				<textcolor>white</textcolor>
				<shadowcolor>black</shadowcolor>
				<label>$INFO[System.Time]</label>
				<animation effect="slide" start="0,0" end="-45,0" time="0" condition="Player.Muted">conditional</animation>
				<animation effect="slide" start="0,0" end="-105,0" time="0" condition="system.getbool(input.enablemouse) + Window.IsVisible(MusicOSD)">conditional</animation>
			</control>
			<control type="image">
				<left>-30</left>
				<top>345r</top>
				<width>1980</width>
				<height>345</height>
				<texture border="1">HomeNowPlayingBack.png</texture>
			</control>











			<control type="image">
				<depth>DepthOSDPopout</depth>
				<description>cover image</description>
				<left>30</left>
				<top>375r</top>
				<width>450</width>
				<height>345</height>
				<texture fallback="DefaultAlbumCover.png">$INFO[Player.Art(thumb)]</texture>
				<aspectratio aligny="bottom">keep</aspectratio>
				<bordersize>8</bordersize>
			</control>
			<control type="group">
				<left>495</left>
				<top>278r</top>
				<control type="label" id="1">
					<description>Heading label</description>
					<left>0</left>
					<top>0</top>
					<width>1365</width>
					<height>38</height>
					<align>left</align>
					<font>font13</font>
					<label>$LOCALIZE[31040]</label>
					<textcolor>white</textcolor>
					<shadowcolor>black</shadowcolor>
					<visible>![MusicPlayer.Content(LiveTV) + [PVR.IsRecordingPlayingChannel | PVR.IsPlayingActiveRecording]]</visible>
					<animation effect="slide" start="0,0" end="0,38" time="0" condition="String.IsEmpty(MusicPlayer.Artist) + String.IsEmpty(MusicPlayer.Album)">conditional</animation>
				</control>
				<control type="image" id="1">
					<top>0</top>
					<width>75</width>
					<height>38</height>
					<aspectratio align="center" aligny="center">keep</aspectratio>
					<texture>PVR-IsRecording.png</texture>
					<visible>MusicPlayer.Content(LiveTV) + [[PVR.IsRecordingPlayingChannel + !Player.ChannelPreviewActive] | PVR.IsPlayingActiveRecording]</visible>
				</control>
				<control type="label" id="1">
					<description>Heading label</description>
					<left>75</left>
					<top>0</top>
					<width>1290</width>
					<height>38</height>
					<align>left</align>
					<aligny>center</aligny>
					<font>font13</font>
					<label>$LOCALIZE[19158]</label>
					<textcolor>white</textcolor>
					<shadowcolor>black</shadowcolor>
					<visible>MusicPlayer.Content(LiveTV) + [[PVR.IsRecordingPlayingChannel + !Player.ChannelPreviewActive] | PVR.IsPlayingActiveRecording]</visible>
				</control>
				<control type="label" id="1">
					<description>Artist label</description>
					<left>30</left>
					<top>45</top>
					<width>1365</width>
					<height>38</height>
					<align>left</align>
					<font>font12</font>
					<label>$INFO[MusicPlayer.Artist]$INFO[MusicPlayer.Album, - ]</label>
					<textcolor>grey2</textcolor>
					<shadowcolor>black</shadowcolor>
				</control>
				<control type="grouplist">
					<left>30</left>
					<top>93</top>
					<width>1365</width>
					<height>53</height>
					<itemgap>8</itemgap>
					<orientation>horizontal</orientation>
					<control type="label">
						<width min="15" max="957">auto</width>
						<height>30</height>
						<font>font30</font>
						<align>left</align>
						<aligny>center</aligny>
						<label>$INFO[Player.Title]</label>
						<textcolor>orange</textcolor>
						<scroll>true</scroll>
					</control>
					<control type="image">
						<description>Audio Codec Image</description>
						<width>122</width>
						<height>44</height>
						<texture>$INFO[MusicPlayer.Codec,flagging/audio/,.png]</texture>
						<visible>!Player.ChannelPreviewActive</visible>
					</control>
					<control type="group">
						<description>Rating</description>
						<width>258</width>
						<height>44</height>
						<control type="image">
							<description>rating back</description>
							<left>0</left>
							<top>0</top>
							<width>258</width>
							<height>44</height>
							<texture border="5">flagging/blank.png</texture>
						</control>
						<control type="image">
							<description>User Rating</description>
							<left>3</left>
							<top>8</top>
							<width>252</width>
							<height>32</height>
							<texture fallback="ratings/0.png">$INFO[MusicPlayer.UserRating,ratings/,.png]</texture>
						</control>
					</control>
				</control>
				<control type="label">
					<left>0</left>
					<top>180</top>
					<width>1365</width>
					<height>38</height>
					<label>$LOCALIZE[19031]: $INFO[MusicPlayer.offset(1).Artist,, - ]$INFO[MusicPlayer.offset(1).Title]</label>
					<align>center</align>
					<aligny>center</aligny>
					<font>font12</font>
					<textcolor>grey</textcolor>
					<scroll>true</scroll>
					<visible>MusicPlayer.HasNext + !Window.IsVisible(MusicOSD)</visible>
					<animation effect="fade" time="150">VisibleChange</animation>
				</control>
			</control>
			<control type="group">
				<left>495</left>
				<top>143r</top>
				<control type="label">
					<left>0</left>
					<top>0</top>
					<width>150</width>
					<height>60</height>
					<font>font13</font>
					<align>left</align>
					<aligny>center</aligny>
					<label>$INFO[Player.Time(hh:mm:ss)]</label>
				</control>
				<control type="progress">
					<description>Progressbar</description>
					<left>150</left>
					<top>23</top>
					<width>1080</width>
					<height>24</height>
					<info>Player.Progress</info>
				</control>
				<control type="label">
					<left>1230</left>
					<top>0</top>
					<width>150</width>
					<height>60</height>
					<font>font13</font>
					<align>right</align>
					<aligny>center</aligny>
					<label>$INFO[Player.Duration(hh:mm:ss)]</label>
				</control>
			</control>
		</control>















<!--кнопка-плей-пауза-->
	<control type="group" id="1">
		<control type="image" id="1">
			<left>-100</left>
			<top>0</top>
			<width>2120</width>
			<height>1080</height>
			<texture colordiffuse="black">fon.png</texture>
       			<align>center</align>
      			<aligny>center</aligny>
			<animation effect="fade" start="100" end="0" time="1000" delay="1000" condition="!Player.Paused">conditional</animation>
		</control>
		<control type="image" id="1">
			<centerleft>50%</centerleft>
			<centertop>50%</centertop>
			<width>400</width>
			<height>400</height>
			<colordiffuse>grey</colordiffuse>
			<texture>videoosd/pause.png</texture>
       			<align>center</align>
      			<aligny>center</aligny>
			<visible>Player.Paused</visible>
		</control>
		<control type="image" id="1">
			<centerleft>50%</centerleft>
			<centertop>50%</centertop>
			<width>400</width>
			<height>400</height>
			<colordiffuse>grey</colordiffuse>
			<texture>videoosd/play.png</texture>
       			<align>center</align>
      			<aligny>center</aligny>
			<visible>!Player.Paused</visible>
			<animation effect="fade" start="100" end="0" time="1000" delay="1000" condition="Player.Playing">conditional</animation>
		</control>
	</control>
<!--кнопка-плей-пауза-->
<!--ЧАСЫ-->
		<control type="image" id="1">
			<right>25</right>
			<top>8</top>
			<width>120</width>
			<height>45</height>
			<texture colordiffuse="black">special://skin/extras/OSD_TV.png</texture>
			<bordertexture border="-3" infill="false" colordiffuse="grey">special://skin/extras/OSD_TV.png</bordertexture>
		</control>
		<control type="label" id="1">
			<description>time label</description>
			<right>30</right>
			<top>8</top>
			<width>300</width>
			<height>45</height>
			<align>right</align>
			<aligny>center</aligny>
			<font>font28_title</font>
			<textcolor>white</textcolor>
			<shadowcolor>black</shadowcolor>
			<label>$INFO[System.Time]</label>
			<animation effect="slide" start="0,0" end="-60,0" time="75" condition="Player.Muted">conditional</animation>
		</control>
<!--ЧАСЫ-->

<!--RADIO-->

		<control type="group">
			<visible>PVR.IsPlayingRadio</visible>
				<control type="label">
					<centerleft>50%</centerleft>
					<centertop>30%</centertop>
					<width min="15" max="957">auto</width>
					<height>30</height>
					<font>font30</font>
					<align>center</align>
					<aligny>center</aligny>
					<label>$INFO[VideoPlayer.ChannelNumberLabel] $INFO[VideoPlayer.ChannelName]</label>
					<textcolor>grey</textcolor>
					<scroll>true</scroll>
				</control>
				<control type="image">
					<centerleft>50%</centerleft>
					<centertop>50%</centertop>
					<width>700</width>
					<height>200</height>
					<texture>radio/anim.gif</texture>
					<aspectratio aligny="bottom">keep</aspectratio>
					<visible>!Player.Paused</visible>
				</control>
				<control type="image">
					<centerleft>50%</centerleft>
					<centertop>50%</centertop>
					<width>700</width>
					<height>200</height>
					<texture>radio/anim.png</texture>
					<aspectratio aligny="bottom">keep</aspectratio>
					<visible>Player.Paused</visible>
				</control>


			<control type="group">
				<centertop>70%</centertop>
				<control type="label">
					<centerleft>40%</centerleft>
					<top>300</top>
					<width>1200</width>
					<height>38</height>
					<align>center</align>
					<aligny>center</aligny>
					<font>font30</font>
					<textcolor>grey3</textcolor>
					<label>FM</label>
				</control>
				<control type="label">
					<centerleft>50%</centerleft>
					<top>300</top>
					<width>1200</width>
					<height>38</height>
					<align>center</align>
					<aligny>center</aligny>
					<font>OSDradio_70</font>
					<textcolor>grey3</textcolor>
					<label>888.8</label>
				</control>
				<control type="label">
					<centerleft>60%</centerleft>
					<top>300</top>
					<width>1200</width>
					<height>38</height>
					<align>center</align>
					<aligny>center</aligny>
					<font>font30</font>
					<textcolor>grey3</textcolor>
					<label>MHz</label>
				</control>
				<control type="label">
					<centerleft>50%</centerleft>
					<top>300</top>
					<width>1200</width>
					<height>38</height>
					<align>center</align>
					<aligny>center</aligny>
					<font>OSDradio_70</font>
					<textcolor>grey</textcolor>
					<label>100.5</label>
					<visible>String.IsEqual(VideoPlayer.ChannelName,Русское Радио)</visible>
				</control>
				<control type="label">
					<centerleft>50%</centerleft>
					<top>300</top>
					<width>1200</width>
					<height>38</height>
					<align>center</align>
					<aligny>center</aligny>
					<font>OSDradio_70</font>
					<textcolor>grey</textcolor>
					<label>106.2</label>
					<visible>String.IsEqual(VideoPlayer.ChannelName,Европа Плюс)</visible>
				</control>
				<control type="label">
					<centerleft>51.5%</centerleft>
					<top>300</top>
					<width>1200</width>
					<height>38</height>
					<align>center</align>
					<aligny>center</aligny>
					<font>OSDradio_70</font>
					<textcolor>grey</textcolor>
					<label>98.5</label>
					<visible>String.IsEqual(VideoPlayer.ChannelName,Новое Радио)</visible>
				</control>
			</control>

			<control type="group">
				<centertop>85%</centertop>
				<control type="image" id="1">
					<centerleft>50%</centerleft>
					<centertop>50%</centertop>
					<width>1000</width>
					<height>150</height>
					<texture>radio/scale.png</texture>
					<visible>PVR.IsPlayingRadio</visible>
				</control>
				<control type="image" id="1">
					<centerleft>50%</centerleft>
					<centertop>50%</centertop>
					<width>3</width>
					<height>100</height>
					<texture>radio/arrow.jpg</texture>
				<animation effect="slide" start="0" end="71" time="105" condition="String.IsEqual(VideoPlayer.ChannelName,Русское Радио)">conditional</animation>
				<animation effect="slide" start="0" end="290" time="105" condition="String.IsEqual(VideoPlayer.ChannelName,Европа Плюс)">conditional</animation>
				<animation effect="slide" start="0" end="30" time="105" condition="String.IsEqual(VideoPlayer.ChannelName,Новое Радио)">conditional</animation>
				<animation effect="slide" start="0" end="220" time="105" condition="String.IsEqual(VideoPlayer.ChannelName,Радио ENERGY)">conditional</animation>
				</control>
			</control>
		</control>

	</controls>
</window>
