<?xml version="1.0" encoding="UTF-8"?>
<window>
	<defaultcontrol always="true">1000</defaultcontrol>
	<views>50</views>

	<controls>
		<include>CommonBackground</include>
		<control type="group" id="1001">
<animation effect="slide" start="0,0" end="905,0" time="500" tween="Elastic" easing="inout" condition="ControlGroup(1001).HasFocus">Conditional</animation>
<animation effect="slide" start="0,0" end="-905,0" time="500" tween="Elastic" easing="inout" condition="ControlGroup(1001).HasFocus">WindowClose</animation>
			<left>10</left>
			<control type="image" id="1">
				<left>-910</left>
				<top>50</top>
				<width>800</width>
				<height>88%</height>
				<texture border="5" colordiffuse="grey4">videoosd/fon_button.png</texture>
      				<bordertexture border="5">videoosd/shadow button.png</bordertexture>
			</control>
			<control type="list" id="11">
				<left>-900</left>
				<top>105</top>
				<width>780</width>
				<height>1000</height>
				<onright>1000</onright>
				<onup>11</onup>
				<ondown>11</ondown>
				<pagecontrol>610</pagecontrol>
				<viewtype label="Info 2">list</viewtype>
				<scrolltime>50</scrolltime>
				<itemlayout height="74.5" width="770">
					<control type="image">
						<left>5</left>
						<top>0</top>
						<width>770</width>
						<height>69</height>
						<texture border="5" colordiffuse="grey4">videoosd/fon_button.png</texture>
      						<bordertexture border="5">videoosd/shadow button.png</bordertexture>
					</control>
					<control type="label">
						<posx>50</posx>
						<posy>0</posy>
						<width>500</width>
						<height>69</height>
						<font>font14</font>
						<textcolor>grey2</textcolor>
						<align>left</align>
						<aligny>center</aligny>
						<label>$INFO[ListItem.Label]</label>
					</control>
				</itemlayout>
				<focusedlayout height="74.5" width="900">
					<control type="image">
						<left>5</left>
						<top>0</top>
						<width>770</width>
						<height>69</height>
						<texture border="5" colordiffuse="grey3">videoosd/fon_button.png</texture>
      						<bordertexture border="5">videoosd/shadow button.png</bordertexture>
					</control>

					<control type="label">
						<posx>50</posx>
						<posy>0</posy>
						<width>500</width>
						<height>69</height>
						<font>font14</font>
						<textcolor>blue2</textcolor>
						<align>left</align>
						<aligny>center</aligny>
						<label>$INFO[ListItem.Label]</label>
					</control>
				</focusedlayout>
			<content>
  				<item id="0">
    					<label>Nintendo Entertainment System</label>
    					<label2>davs://webdav.yandex.ru/yandex_disk_C/Games/NES/</label2>
    					<icon>icon1.png</icon>
   	 				<thumb>thumb1.png</thumb>
    					<onclick>setfocus(1000)</onclick>
  				</item>
  				<item id="1">
   					<label>Super Nintendo</label>
   					<label2>davs://webdav.yandex.ru/yandex_disk_C/Games/SNS/</label2>
    					<icon>icon2.png</icon>
    					<thumb>thumb2.png</thumb>
    					<onclick>setfocus(1000)</onclick>
  				</item>
  				<!--item id="2">
    					<label>Sega 32x</label>
    					<label2>plugin://plugin.video.filmix/movies/</label2>
    					<icon>icon2.png</icon>
    					<thumb>thumb2.png</thumb>
    					<onclick>setfocus(1000)</onclick>
  				</item-->
  				<item id="3">
    					<label>Настройка автосохранения</label>
    					<label2></label2>
    					<icon></icon>
    					<thumb></thumb>
    					<onclick>ActivateWindow(gamesettings)</onclick>
  				</item>
  				<item id="4">
    					<label>Настройка контроллеров</label>
    					<label2></label2>
    					<icon></icon>
    					<thumb></thumb>
    					<onclick>ActivateWindow(gamecontrollers)</onclick>
  				</item>
			</content>
			</control>
		</control>
					<control type="image">
						<left>810</left>
						<top>515</top>
						<width>50</width>
						<height>50</height>
						<texture colordiffuse="white">videoosd/defaultvideoplaylists.png</texture>
						<visible>Control.HasFocus(11)</visible>
					</control>
					<control type="image">
						<left>10</left>
						<top>515</top>
						<width>50</width>
						<height>50</height>
						<texture colordiffuse="white" flipx="true">videoosd/defaultvideoplaylists.png</texture>
						<visible>Control.HasFocus(1000)</visible>
					</control>

		<control type="group">
			<top>50</top>
<animation effect="slide" start="0,0" end="790,0" time="500" tween="Elastic" easing="inout" condition="ControlGroup(1001).HasFocus">Conditional</animation>
			<animation effect="slide" start="0,1080" end="0" time="500" tween="Elastic" easing="inout">WindowOpen</animation>
			<animation effect="slide" start="0" end="0,1080" time="500" tween="Elastic" easing="inout">WindowClose</animation>
			<control type="image" id="1">
				<left>80</left>
				<top>0</top>
				<width>1800</width>
				<height>92%</height>
				<texture border="5" colordiffuse="grey4">videoosd/fon_button.png</texture>
      				<bordertexture border="5">videoosd/shadow button.png</bordertexture>
			</control>
					<control type="image">
						<left>935</left>
						<top>-45</top>
						<width>50</width>
						<height>50</height>
						<texture>videoosd/arrow_top.png</texture>
						<visible>Container(1000).HasPrevious</visible>
					</control>
			<control type="label" id="1">
				<centerleft>50%</centerleft>
				<top>8</top>
				<width>500</width>
				<height>45</height>
				<align>center</align>
				<aligny>center</aligny>
				<font>font14</font>
				<textcolor>grey</textcolor>
				<shadowcolor>black</shadowcolor>
				<label>$INFO[Container(11).Listitem.Label]</label>
			</control>
			<control type="panel" id="1000">
				<left>100</left>
				<top>100</top>
				<width>1720</width>
				<height>840</height>
				<onleft>11</onleft>
				<onright condition="Control.IsVisible(60)">60</onright>
				<onright condition="!Control.IsVisible(60)">1000</onright>
				<onup>1000</onup>
				<ondown>1000</ondown>
				<viewtype label="21371">list</viewtype>
				<pagecontrol>60</pagecontrol>
				<scrolltime>200</scrolltime>
				<preloaditems>2</preloaditems>
				<orientation>vertical</orientation>
				<itemlayout height="420" width="280">
					<!--<control type="image">
						<left>1</left>
						<top>1</top>
						<width>278</width>
						<height>418</height>
						<aspectratio>scale</aspectratio>
						<texture border="200,-500,200,-500" colordiffuse="grey4">videoosd/fon_button.png</texture>
      						<bordertexture border="5">videoosd/shadow button.png</bordertexture>
					</control>-->
					<control type="image">
						<left>15</left>
						<top>5</top>
						<width>250</width>
						<height>350</height>
					<texture diffuse="diffuse_fon.png">$INFO[ListItem.FileName,davs://webdav.yandex.ru/yandex_disk_C/ROMs/NES/,.jpg]</texture>
					</control>
					<control type="label">
						<centerleft>50%</centerleft>
						<top>380</top>
						<width>280</width>
						<height>38</height>
						<font>font12</font>
						<textcolor>grey2</textcolor>
						<align>center</align>
						<aligny>center</aligny>
						<label>$INFO[ListItem.Label]</label>
					</control>
				</itemlayout>
				<focusedlayout height="420" width="280">
					<!--control type="image">
						<left>1</left>
						<top>1</top>
						<width>278</width>
						<height>418</height>
						<aspectratio>scale</aspectratio>
						<texture border="200,-500,200,-500" colordiffuse="grey3">videoosd/fon_button.png</texture>
      						<bordertexture border="5">videoosd/shadow button.png</bordertexture>
					</control-->
					<control type="image">
						<left>15</left>
						<top>5</top>
						<width>250</width>
						<height>350</height>
					<texture diffuse="diffuse_fon.png">$INFO[ListItem.FileName,davs://webdav.yandex.ru/yandex_disk_C/ROMs/NES/,.jpg]</texture>
<animation reversible="false" effect="zoom" start="15,5,250,350" end="2,-2,276,376" time="100" condition="Control.HasFocus(1000)">Conditional</animation>
<animation reversible="false" effect="zoom" end="15,5,250,350" start="2,-2,276,376" time="100" condition="!Control.HasFocus(101)">Conditional</animation>
					</control>

					<control type="label">
						<left>0</left>
						<top>380</top>
						<width>280</width>
						<height>38</height>
						<font>font12</font>
						<textcolor>blue2</textcolor>
						<selectedcolor>selected</selectedcolor>
						<align>center</align>
						<aligny>center</aligny>
						<label>$INFO[ListItem.Label]</label>
					</control>
					<control type="button" id="101">
						<left>50</left>
						<top>50</top>
						<width>0%</width>
						<height>0%</height>
						<onclick>PlayMedia($INFO[ListItem.FolderPath])</onclick>
						<onfocus>setfocus(6)</onfocus>
						<onfocus>Action(Select)</onfocus>
						<ondown>50</ondown>
						<onup>50</onup>
						<texturefocus></texturefocus>
						<texturenofocus></texturenofocus>
					</control>
				</focusedlayout>
			<content>$INFO[Container(11).Listitem.Label2]</content>
			</control>
			<control type="scrollbar" id="60">
				<left>1800</left>
				<top>100</top>
				<width>38</width>
				<height>840</height>
				<texturesliderbackground border="0,28,0,28">ScrollBarV.png</texturesliderbackground>
				<texturesliderbar border="0,28,0,28">ScrollBarV_bar.png</texturesliderbar>
				<texturesliderbarfocus border="0,28,0,28">ScrollBarV_bar_focus.png</texturesliderbarfocus>
				<textureslidernib>ScrollBarNib.png</textureslidernib>
				<textureslidernibfocus>ScrollBarNib.png</textureslidernibfocus>
				<onleft>1000</onleft>
				<onright>1000</onright>
				<showonepage>false</showonepage>
				<orientation>vertical</orientation>
			</control>
					<control type="image">
						<left>935</left>
						<top>950</top>
						<width>50</width>
						<height>50</height>
						<texture flipy="true" flipx="true">videoosd/arrow_top.png</texture>
						<visible>Container(1000).HasNext</visible>
					</control>
		</control>


	<include name="game">

<control type="list" id="50">
      <description>My first list container</description>
      <left>80</left>
      <top>60</top>
      <width>250</width>
      <height>200</height>
      <visible>true</visible>
      <onup>2</onup>
      <ondown>3</ondown>
      <onleft>1</onleft>
      <onright>1</onright>
      <viewtype label="3D list">list</viewtype>
      <orientation>vertical</orientation>
      <pagecontrol>25</pagecontrol>
      <autoscroll>true</autoscroll>
      <scrolltime tween="sine" easing="out">200</scrolltime>
      <itemlayout width="650" height="29">
		<control type="image">
			<left>5</left>
			<top>3</top>
			<width>22</width>
			<height>22</height>
			<texture>$INFO[ListItem.Icon]</texture>
		</control>
		<control type="label">
			<left>30</left>
			<top>3</top>
			<width>430</width>
			<height>22</height>
			<font>font13</font>
			<aligny>center</aligny>
			<selectedcolor>green</selectedcolor>
			<align>left</align>
			<label>$INFO[ListItem.Label]</label>
		</control>
		<control type="label">
			<left>475</left>
			<top>3</top>
			<width>300</width>
			<height>22</height>
			<font>font13</font>
			<aligny>center</aligny>
			<selectedcolor>green</selectedcolor>
			<textcolor>grey</textcolor>
			<align>right</align>
			<label>$INFO[ListItem.Label2]</label>
		</control>
      </itemlayout>
      <focusedlayout height="29" width="650">
		<control type="image">
			<width>485</width>
			<height>29</height>
			<left>0</left>
			<top>0</top>
			<visible>Control.HasFocus(50)</visible>
			<texture>list-focus.png</texture>
		</control>
		<control type="image">
			<left>5</left>
			<top>3</top>
			<width>22</width>
			<height>22</height>
			<texture>$INFO[ListItem.Icon]</texture>
		</control>
		<control type="label">
			<left>30</left>
			<top>3</top>
			<width>430</width>
			<height>22</height>
			<font>font13</font>
			<aligny>center</aligny>
			<selectedcolor>green</selectedcolor>
			<align>left</align>
			<label>$INFO[ListItem.Label]</label>
		</control>
		<control type="label">
			<left>475</left>
			<top>3</top>
			<width>300</width>
			<height>22</height>
			<font>font13</font>
			<aligny>center</aligny>
			<selectedcolor>green</selectedcolor>
			<textcolor>grey</textcolor>
			<align>right</align>
			<label>$INFO[ListItem.Label2]</label>
		</control>
      </focusedlayout>
</control>




	</include>


	</controls>
</window>
