<?xml version="1.0" encoding="UTF-8"?>
<window>
	<defaultcontrol always="true">50</defaultcontrol>
	<coordinates>
		<left>0</left>
		<top>0</top>
	</coordinates>
	<views>50</views>
	<controls>


		<control type="videowindow">
			<left>0</left>
			<top>0</top>
			<width>100%</width>
			<height>100%</height>
		</control>

		<control type="group" id="1001">
		<control type="image">
					<left>-1000</left>
					<top>50</top>
					<width>920</width>
					<height>1000</height>
					<texture border="15">panel.png</texture>
		</control>
<animation effect="slide" start="0,0" end="1030,0" time="200" condition="ControlGroup(1001).HasFocus">Conditional</animation>
			<left>10</left>

			<control type="list" id="11">
				<visible>!System.IdleTime(60)</visible>
				<left>-1000</left>
				<top>60</top>
				<width>900</width>
				<height>975</height>
				<onleft></onleft>
				<onright>50</onright>
				<onup>11</onup>
				<ondown>11</ondown>
				<onclick>SetFocus(600)</onclick>
				<pagecontrol>610</pagecontrol>
				<viewtype label="Info 2">list</viewtype>
				<scrolltime>50</scrolltime>
				<itemlayout height="74.5" width="890">
					<control type="image">
						<posx>15</posx>
						<posy>0</posy>
						<width>69</width>
						<height>69</height>
						<texture colordiffuse="grey3">pvr/genre/grups.png</texture>
						<visible>String.IsEqual(ListItem.Label,Все каналы)</visible>
					</control>
					<control type="image">
						<posx>15</posx>
						<posy>0</posy>
						<width>69</width>
						<height>69</height>
						<texture colordiffuse="grey3">pvr/genre/federal.png</texture>
						<visible>String.IsEqual(ListItem.Label,Федеральные)</visible>
					</control>
					<control type="image">
						<posx>15</posx>
						<posy>0</posy>
						<width>69</width>
						<height>69</height>
						<texture colordiffuse="grey3">pvr/genre/info.png</texture>
						<visible>String.IsEqual(ListItem.Label,Информационные)</visible>
					</control>
					<control type="image">
						<posx>15</posx>
						<posy>0</posy>
						<width>69</width>
						<height>69</height>
						<texture colordiffuse="grey3">pvr/genre/kino.png</texture>
						<visible>String.IsEqual(ListItem.Label,Кино и сериалы)</visible>
					</control>
					<control type="image">
						<posx>15</posx>
						<posy>0</posy>
						<width>69</width>
						<height>69</height>
						<texture colordiffuse="grey3">pvr/genre/nauka.png</texture>
						<visible>String.IsEqual(ListItem.Label,Познавательные)</visible>
					</control>
					<control type="image">
						<posx>15</posx>
						<posy>0</posy>
						<width>69</width>
						<height>69</height>
						<texture colordiffuse="grey3">pvr/genre/kids.png</texture>
						<visible>String.IsEqual(ListItem.Label,Детские)</visible>
					</control>
					<control type="image">
						<posx>15</posx>
						<posy>0</posy>
						<width>69</width>
						<height>69</height>
						<texture colordiffuse="grey3">pvr/genre/games.png</texture>
						<visible>String.IsEqual(ListItem.Label,Развлекательные)</visible>
					</control>
					<control type="image">
						<posx>15</posx>
						<posy>0</posy>
						<width>69</width>
						<height>69</height>
						<texture colordiffuse="grey3">pvr/genre/music.png</texture>
						<visible>String.IsEqual(ListItem.Label,Музыкальные)</visible>
					</control>
					<control type="image">
						<posx>15</posx>
						<posy>0</posy>
						<width>69</width>
						<height>69</height>
						<texture colordiffuse="grey3">pvr/genre/sport.png</texture>
						<visible>String.IsEqual(ListItem.Label,Спортивные)</visible>
					</control>
					<control type="image">
						<posx>15</posx>
						<posy>0</posy>
						<width>69</width>
						<height>69</height>
						<texture colordiffuse="grey3">pvr/genre/Viju.png</texture>
						<visible>String.IsEqual(ListItem.Label,Viju TV)</visible>
					</control>
					<control type="image">
						<posx>15</posx>
						<posy>0</posy>
						<width>69</width>
						<height>69</height>
						<texture colordiffuse="grey3">pvr/genre/n_kino.png</texture>
						<visible>String.Contains(ListItem.Label,Настрой кино)</visible>
					</control>
					<control type="image">
						<posx>15</posx>
						<posy>0</posy>
						<width>69</width>
						<height>69</height>
						<texture colordiffuse="grey3">pvr/genre/Shop.png</texture>
						<visible>String.Contains(ListItem.Label,Телемагазины)</visible>
					</control>
					<control type="image">
						<posx>15</posx>
						<posy>0</posy>
						<width>69</width>
						<height>69</height>
						<texture colordiffuse="grey3">pvr/genre/mest.png</texture>
						<visible>String.Contains(ListItem.Label,Региональные)</visible>
					</control>
					<control type="label">
						<posx>100</posx>
						<posy>0</posy>
						<width>350</width>
						<height>69</height>
						<font>font13</font>
						<textcolor>grey2</textcolor>
						<align>left</align>
						<aligny>center</aligny>
						<label>$INFO[ListItem.Label]</label>
					</control>
				</itemlayout>
				<focusedlayout height="74.5" width="980">
					<control type="image">
						<left>5</left>
						<top>0</top>
						<width>890</width>
						<height>69</height>
						<texture border="2">MenuItemFO.png</texture>
						<include>VisibleFadeEffect</include>
<animation effect="fadediffuse" end="grey2" time="400" condition="Control.HasFocus(11)" pulse="true">Conditional</animation>
						<visible>Control.HasFocus(11)</visible>
					</control>
					<control type="image">
						<posx>15</posx>
						<posy>0</posy>
						<width>69</width>
						<height>69</height>
						<texture colordiffuse="white">pvr/genre/grups.png</texture>
						<visible>String.IsEqual(ListItem.Label,Все каналы)</visible>
					</control>
					<control type="image">
						<posx>15</posx>
						<posy>0</posy>
						<width>69</width>
						<height>69</height>
						<texture colordiffuse="white">pvr/genre/federal.png</texture>
						<visible>String.IsEqual(ListItem.Label,Федеральные)</visible>
					</control>
					<control type="image">
						<posx>15</posx>
						<posy>0</posy>
						<width>69</width>
						<height>69</height>
						<texture colordiffuse="white">pvr/genre/info.png</texture>
						<visible>String.IsEqual(ListItem.Label,Информационные)</visible>
					</control>
					<control type="image">
						<posx>15</posx>
						<posy>0</posy>
						<width>69</width>
						<height>69</height>
						<texture colordiffuse="white">pvr/genre/kino.png</texture>
						<visible>String.IsEqual(ListItem.Label,Кино и сериалы)</visible>
					</control>
					<control type="image">
						<posx>15</posx>
						<posy>0</posy>
						<width>69</width>
						<height>69</height>
						<texture colordiffuse="white">pvr/genre/nauka.png</texture>
						<visible>String.IsEqual(ListItem.Label,Познавательные)</visible>
					</control>
					<control type="image">
						<posx>15</posx>
						<posy>0</posy>
						<width>69</width>
						<height>69</height>
						<texture colordiffuse="white">pvr/genre/kids.png</texture>
						<visible>String.IsEqual(ListItem.Label,Детские)</visible>
					</control>
					<control type="image">
						<posx>15</posx>
						<posy>0</posy>
						<width>69</width>
						<height>69</height>
						<texture colordiffuse="white">pvr/genre/games.png</texture>
						<visible>String.IsEqual(ListItem.Label,Развлекательные)</visible>
					</control>
					<control type="image">
						<posx>15</posx>
						<posy>0</posy>
						<width>69</width>
						<height>69</height>
						<texture colordiffuse="white">pvr/genre/music.png</texture>
						<visible>String.IsEqual(ListItem.Label,Музыкальные)</visible>
					</control>
					<control type="image">
						<posx>15</posx>
						<posy>0</posy>
						<width>69</width>
						<height>69</height>
						<texture colordiffuse="white">pvr/genre/sport.png</texture>
						<visible>String.IsEqual(ListItem.Label,Спортивные)</visible>
					</control>
					<control type="image">
						<posx>15</posx>
						<posy>0</posy>
						<width>69</width>
						<height>69</height>
						<texture colordiffuse="white">pvr/genre/Viju.png</texture>
						<visible>String.IsEqual(ListItem.Label,Viju TV)</visible>
					</control>
					<control type="image">
						<posx>15</posx>
						<posy>0</posy>
						<width>69</width>
						<height>69</height>
						<texture colordiffuse="white">pvr/genre/n_kino.png</texture>
						<visible>String.Contains(ListItem.Label,Настрой кино)</visible>
					</control>
					<control type="image">
						<posx>15</posx>
						<posy>0</posy>
						<width>69</width>
						<height>69</height>
						<texture colordiffuse="white">pvr/genre/Shop.png</texture>
						<visible>String.Contains(ListItem.Label,Телемагазины)</visible>
					</control>
					<control type="image">
						<posx>15</posx>
						<posy>0</posy>
						<width>69</width>
						<height>69</height>
						<texture colordiffuse="white">pvr/genre/mest.png</texture>
						<visible>String.Contains(ListItem.Label,Региональные)</visible>
					</control>
					<control type="button">
						<left>90</left>
						<top>0</top>
						<width>460</width>
						<height>70</height>
						<font>font13</font>
						<texturefocus></texturefocus>
						<texturenofocus></texturenofocus>
						<textcolor>white</textcolor>
						<label>[B]$INFO[Container(11).ListItem.Label][/B]  [COLOR orange]$INFO[Container(50).NumItems][/COLOR]</label>
						<onunfocus condition="ControlGroup(1001).HasFocus">Select</onunfocus>
					</control>
				</focusedlayout>
			</control>
		</control>



		<control type="group" id="1000">
			<animation effect="slide" start="-900,0" end="0,0" time="100">WindowOpen</animation>
			<animation effect="slide" start="0,0" end="-900,0" time="100">WindowClose</animation>
			<animation effect="slide" start="0,0" end="950,0" time="200" condition="ControlGroup(1001).HasFocus">Conditional</animation>
			<animation effect="slide" start="0,0" end="-1000,0" time="200" condition="Window.IsActive(10609)">Conditional</animation>
			<left>10</left>
		<control type="image">
			<left>20</left>
			<top>50</top>
			<width>920</width>
			<height>1000</height>
			<texture border="15">panel.png</texture>
		</control>
			<control type="fixedlist" id="50">
				<visible>!System.IdleTime(60)</visible>
				<left>40</left>
				<top>57</top>
				<width>890</width>
				<height>975</height>
				<onright condition="ListItem.HasEpg">Action(ContextMenu)</onright>
				<onright condition="ListItem.HasEpg">setfocus(1004)</onright>
				<onright condition="ListItem.HasEpg">Action(Select)</onright>
				<!--onright condition="ListItem.HasEpg">70</onright-->
				<onleft>11</onleft>
				<preloaditems>true</preloaditems>
				<onup>50</onup>
				<ondown>50</ondown>
				<focusposition>5</focusposition>
        			<movement>5</movement>
				<scrolltime>50</scrolltime>
				<itemlayout height="88" width="890">
				<control type="image">
					<left>0</left>
					<top>0</top>
					<width>890</width>
					<height>92</height>
					<texture border="2">MenuItemNF.png</texture>
					<include>VisibleFadeEffect</include>
				</control>
				<control type="image">
					<left>3</left>
					<top>9</top>
					<width>150</width>
					<height>80</height>
					<texture colordiffuse="grey3" diffuse="diffuse_fon.png">$INFO[Player.Icon]</texture>

				</control>
				<control type="label">
					<left>160</left>
					<top>5</top>
					<width>800</width>
					<height>62</height>
					<font>home_menu14</font>
					<textcolor>orange</textcolor>
					<selectedcolor>grey2</selectedcolor>
					<align>left</align>
					<aligny>top</aligny>
					<label>00$INFO[ListItem.ChannelNumberLabel]</label>
                    			<visible>Integer.IsLess(ListItem.ChannelNumberLabel,10)</visible>
				</control>
				<control type="label">
					<left>160</left>
					<top>5</top>
					<width>800</width>
					<height>62</height>
					<font>home_menu14</font>
					<textcolor>orange</textcolor>
					<selectedcolor>grey2</selectedcolor>
					<align>left</align>
					<aligny>top</aligny>
					<label>0$INFO[ListItem.ChannelNumberLabel]</label>
                    			<visible>Integer.IsLess(ListItem.ChannelNumberLabel,100) + Integer.IsGreater(ListItem.ChannelNumberLabel,9)</visible>
				</control>
				<control type="label">
					<left>160</left>
					<top>5</top>
					<width>800</width>
					<height>62</height>
					<font>home_menu14</font>
					<textcolor>orange</textcolor>
					<selectedcolor>grey2</selectedcolor>
					<align>left</align>
					<aligny>top</aligny>
					<label>$INFO[ListItem.ChannelNumberLabel]</label>
                    			<visible>Integer.IsLess(ListItem.ChannelNumberLabel,1000) + Integer.IsGreater(ListItem.ChannelNumberLabel,99)</visible>
				</control>
				<control type="image">
					<left>210</left>
					<top>5</top>
					<width>50</width>
					<height>50</height>
					<texture colordiffuse="green3">videoosd/tvgidue.png</texture>
					<visible>ListItem.HasEpg</visible>
				</control>
				<control type="image">
					<left>210</left>
					<top>5</top>
					<width>50</width>
					<height>50</height>
					<texture colordiffuse="rad3">videoosd/tvgidue.png</texture>
					<visible>!ListItem.HasEpg</visible>
				</control>
				<control type="image">
					<left>250</left>
					<top>5</top>
					<width>50</width>
					<height>50</height>
					<texture colordiffuse="green3">videoosd/timeshift.png</texture>
					<visible>ListItem.HasArchive</visible>
				</control>
				<control type="image">
					<left>250</left>
					<top>5</top>
					<width>50</width>
					<height>50</height>
					<texture colordiffuse="rad3">videoosd/timeshift.png</texture>
					<visible>!ListItem.HasArchive</visible>
				</control>
				<control type="label">
					<posx>160</posx>
					<top>45</top>
					<width>630</width>
					<height>62</height>
					<font>font13</font>
					<textcolor>grey2</textcolor>
					<selectedcolor>blue2</selectedcolor>
					<align>left</align>
					<aligny>top</aligny>
					<label>$INFO[ListItem.ChannelName]</label>
				</control>
			</itemlayout>
			<focusedlayout height="88" width="890">
				<control type="image">
					<left>0</left>
					<top>0</top>
					<width>890</width>
					<height>92</height>
					<texture border="2">MenuItemFO.png</texture>
					<include>VisibleFadeEffect</include>
<animation effect="fadediffuse" end="grey2" time="400" condition="!Control.HasFocus(11)" pulse="true">Conditional</animation>
					<visible>!Control.HasFocus(11)</visible>
				</control>
				<control type="image">
					<left>3</left>
					<top>9</top>
					<width>150</width>
					<height>80</height>
					<texture diffuse="diffuse_fon.png">$INFO[Player.Icon]</texture>
				</control>
				<control type="label">
					<left>160</left>
					<top>5</top>
					<width>800</width>
					<height>62</height>
					<font>home_menu14</font>
					<textcolor>orange</textcolor>
					<selectedcolor>orange</selectedcolor>
					<align>left</align>
					<aligny>top</aligny>
					<label>00$INFO[ListItem.ChannelNumberLabel]</label>
                    			<visible>Integer.IsLess(ListItem.ChannelNumberLabel,10)</visible>
				</control>
				<control type="label">
					<left>160</left>
					<top>5</top>
					<width>800</width>
					<height>62</height>
					<font>home_menu14</font>
					<textcolor>orange</textcolor>
					<selectedcolor>orange</selectedcolor>
					<align>left</align>
					<aligny>top</aligny>
					<label>0$INFO[ListItem.ChannelNumberLabel]</label>
                    			<visible>Integer.IsLess(ListItem.ChannelNumberLabel,100) + Integer.IsGreater(ListItem.ChannelNumberLabel,9)</visible>
				</control>
				<control type="label">
					<left>160</left>
					<top>5</top>
					<width>1300</width>
					<height>800</height>
					<font>home_menu14</font>
					<textcolor>orange</textcolor>
					<selectedcolor>orange</selectedcolor>
					<align>left</align>
					<aligny>top</aligny>
					<label>$INFO[ListItem.ChannelNumberLabel]</label>
                    			<visible>Integer.IsLess(ListItem.ChannelNumberLabel,1000) + Integer.IsGreater(ListItem.ChannelNumberLabel,99)</visible>
				</control>
				<control type="image">
					<left>210</left>
					<top>5</top>
					<width>50</width>
					<height>50</height>
					<texture colordiffuse="green3">videoosd/tvgidue.png</texture>
					<visible>ListItem.HasEpg</visible>
				</control>
				<control type="image">
					<left>210</left>
					<top>5</top>
					<width>50</width>
					<height>50</height>
					<texture colordiffuse="rad3">videoosd/tvgidue.png</texture>
					<visible>!ListItem.HasEpg</visible>
				</control>
				<control type="image">
					<left>250</left>
					<top>5</top>
					<width>50</width>
					<height>50</height>
					<texture colordiffuse="green3">videoosd/timeshift.png</texture>
					<visible>ListItem.HasArchive</visible>
				</control>
				<control type="image">
					<left>250</left>
					<top>5</top>
					<width>50</width>
					<height>50</height>
					<texture colordiffuse="rad3">videoosd/timeshift.png</texture>
					<visible>!ListItem.HasArchive</visible>
				</control>
				<control type="label">
					<left>160</left>
					<top>45</top>
					<width>640</width>
					<height>62</height>
					<font>font13</font>
					<textcolor>white</textcolor>
					<selectedcolor>blue2</selectedcolor>
					<align>left</align>
					<aligny>top</aligny>
					<label>[B]$INFO[ListItem.ChannelName][/B]</label>
				</control>
				<control type="button">
					<left>585</left>
					<top>23</top>
					<width>96</width>
					<height>48</height>
					<onfocus condition="ListItem.HasEpg">setfocus(1004)</onfocus>
					<onfocus condition="ListItem.HasEpg">Action(Select)</onfocus>
					<texturefocus></texturefocus>
					<texturenofocus></texturenofocus>
				</control>
			</focusedlayout>
			</control>
		</control>




		<control type="group" id="1004">
			<animation effect="slide" start="900,0" end="0,0" time="100">WindowOpen</animation>
			<animation effect="slide" start="0,0" end="900,0" time="100">WindowClose</animation>
			<animation effect="slide" start="0,0" end="1000,0" time="200" condition="ControlGroup(1001).HasFocus">Conditional</animation>
			<animation effect="slide" start="0,0" end="-940,0" time="200" condition="Window.IsActive(10609)">Conditional</animation>
			<control type="image">
				<left>970</left>
				<top>50</top>
				<width>920</width>
				<height>1000</height>
				<texture border="15">panel.png</texture>
			</control>

			<control type="grouplist">
				<left>1050</left>
				<top>110</top>
				<bottom>15</bottom>
					<usecontrolcoords>true</usecontrolcoords>
				<control type="image">
					<left>5</left>
					<top>5</top>
					<width>745</width>
					<height>421</height>
					<texture fallback="videoosd/no-img_big.jpg">$INFO[Container(50).ListItem.EpgEventIcon]</texture>
					<visible>!Window.IsActive(10609)</visible>
				</control>
				<control type="textbox">
					<left>5</left>
					<top>0</top>
					<width>750</width>
					<height min="10" max="500">auto</height>
					<font>font13</font>
					<textcolor>grey</textcolor>
					<align>left</align>
					<aligny>top</aligny>
					<scrolltime>200</scrolltime>
					<label>$INFO[Container(50).ListItem.Title]</label>
					<visible>!Window.IsActive(10609)</visible>
				</control>
				<control type="grouplist">
					<height>20</height>
						<usecontrolcoords>true</usecontrolcoords>
						<orientation>Horizontal</orientation>
					<control type="label">
						<left>0</left>
						<top>5</top>
						<width>55</width>
						<height>10</height>
						<font>font10</font>
						<textcolor>blue2</textcolor>
						<align>left</align>
						<aligny>center</aligny>
						<label>$INFO[Container(50).ListItem.StartTime]</label>
						<visible>!Window.IsActive(10609)</visible>
					</control>

					<control type="progress">
						<left>0</left>
						<top>5</top>
						<width>630</width>
						<height>5</height>
						<info>Container(50).ListItem.Progress</info>
						<texturebg border="4" colordiffuse="grey">special://skin/extras/Progressbar/osd_2.png</texturebg>
						<midtexture border="4" colordiffuse="blue2">special://skin/extras/Progressbar/osd_3.png</midtexture>
						<visible>!Window.IsActive(10609)</visible>
					</control>
					<control type="label">
						<left>0</left>
						<top>5</top>
						<width>55</width>
						<height>10</height>
						<font>font10</font>
						<textcolor>blue2</textcolor>
						<align>left</align>
						<aligny>center</aligny>
						<label>$INFO[Container(50).ListItem.EndTime]</label>
						<visible>!Window.IsActive(10609)</visible>
					</control>
				</control>
				<control type="label">
					<left>20</left>
					<top>10</top>
					<width>770</width>
					<height>10</height>
					<font>font12</font>
					<textcolor>grey</textcolor>
					<align>left</align>
					<aligny>center</aligny>
					<label>[COLOR blue2]Жанр:[/COLOR]$INFO[Container(50).ListItem.Genre]</label>
					<visible>!Window.IsActive(10609)</visible>
				</control>
				<control type="label">
					<left>20</left>
					<top>10</top>
					<width>520</width>
					<height>10</height>
					<font>font12</font>
					<textcolor>grey</textcolor>
					<label>[COLOR blue2]Продолжительность:[/COLOR]$INFO[Container(50).ListItem.Duration(hh)]ч[COLOR blue2] [/COLOR]$INFO[Container(50).ListItem.Duration(mm)]м</label>
					<align>left</align>
					<aligny>center</aligny>
					<visible>!Window.IsActive(10609)</visible>
				</control>
				<control type="label">
					<left>20</left>
					<top>10</top>
					<width>520</width>
					<height>10</height>
					<font>font12</font>
					<textcolor>grey</textcolor>
					<label>[COLOR blue2]Дата:[/COLOR]$INFO[Container(50).ListItem.StartDate]</label>
					<align>left</align>
					<aligny>center</aligny>
					<visible>!Window.IsActive(10609)</visible>
				</control>
				<control type="textbox">
					<left>5</left>
					<top>10</top>
					<width>745</width>
					<height min="50" max="300">auto</height>
					<font>font12</font>
					<textcolor>grey</textcolor>
					<align>left</align>
					<aligny>top</aligny>
					<scrolltime>200</scrolltime>
					<autoscroll delay="3000" time="1000" repeat="10000">!Control.HasFocus(1050)</autoscroll>
					<label>$INFO[Container(50).ListItem.Plot]</label>
					<visible>!Window.IsActive(10609)</visible>
				</control>
			</control>
		</control>



	</controls>
</window>
