<?xml version="1.0" encoding="utf-8"?>
<window>
	<defaultcontrol always="true">88</defaultcontrol>
	<controls>
		<control type="button" id="88">
				<texturefocus></texturefocus>
				<texturenofocus></texturenofocus>
				<onclick>Dialog.Close(12901)</onclick>
				<onfocus>Dialog.Close(12901)</onfocus>
				<onright>Seek(20)</onright>
				<onleft>Seek(-20)</onleft>
				<animation effect="fade" end="100" time="10000">Focus</animation>
			<visible>![Player.ShowInfo | Player.Paused | Player.Seeking]</visible>
		</control>


		<control type="group" id="1">
			<animation effect="slide" start="0,250" end="0" time="100">WindowOpen</animation>
			<animation effect="slide" start="0" end="0,250" time="100">WindowClose</animation>
			<visible>![Player.ShowInfo | Player.Paused | Player.Seeking]</visible>
			<include>osd_pvr</include>
		</control>
	</controls>
</window>
