<?xml version="1.0" encoding="UTF-8"?>
<window>
	<defaultcontrol always="true">87</defaultcontrol>
	<controls>
		<control type="button" id="87">
			<texturefocus></texturefocus>
			<texturenofocus></texturenofocus>
			<onfocus>Dialog.Close(10609)</onfocus>
			<visible>![Player.ShowInfo | Player.Paused | Player.Seeking | Window.IsActive(VideoOSD)]</visible>
		</control>
		<control type="button" id="87">
			<left>600</left>
			<texturefocus></texturefocus>
			<texturenofocus></texturenofocus>
			<onfocus>Info</onfocus>
			<onfocus>FullScreen</onfocus>
			<onfocus>FullScreen</onfocus>
			<animation effect="fade" end="100" time="10000">Focus</animation>
			<visible>Player.ShowInfo | Player.Paused | Player.Seeking | Window.IsActive(VideoOSD)</visible>			
		</control>



<!--кнопка-плей-пауза-->

	<control type="group" id="1">
		<visible>!Player.HasGame</visible>

		<control type="image" id="1">
			<centerleft>50%</centerleft>
			<centertop>50%</centertop>
			<width>200</width>
			<height>200</height>
			<colordiffuse>blue2</colordiffuse>
			<texture>videoosd/pause.png</texture>
       			<align>center</align>
      			<aligny>center</aligny>
			<visible>Player.Paused</visible>
			<animation effect="fade" start="0" end="100" time="1000" delay="100" condition="Player.Paused">conditional</animation>
		</control>
		<control type="image" id="1">
			<centerleft>50%</centerleft>
			<centertop>50%</centertop>
			<width>200</width>
			<height>200</height>
			<colordiffuse>blue2</colordiffuse>
			<texture>videoosd/play.png</texture>
       			<align>center</align>
      			<aligny>center</aligny>
			<visible>!Player.Paused</visible>
			<animation effect="fade" start="100" end="0" time="1000" delay="100" condition="Player.Playing | Player.Seeking | Player.Forwarding | Player.Rewinding">conditional</animation>
		</control>
		<control type="image" id="1">
			<centerleft>50%</centerleft>
			<centertop>50%</centertop>
			<width>200</width>
			<height>200</height>
			<colordiffuse>blue2</colordiffuse>
			<texture>videoosd/previous.png</texture>
       			<align>center</align>
      			<aligny>center</aligny>
			<visible>String.StartsWith(Player.SeekStepSize,-)</visible>
			<visible>!String.IsEmpty(Player.SeekStepSize)</visible>
		</control>
		<!--<control type="label" id="1">
			<centerleft>50%</centerleft>
			<centertop>50%</centertop>
			<width>200</width>
			<height>200</height>
			<align>center</align>
			<aligny>center</aligny>
			<font>font28_title</font>
			<textcolor>white</textcolor>
			<shadowcolor>black</shadowcolor>
			<label>$INFO[Player.SeekStepSize]</label>
		</control>-->
		<control type="image" id="1">
			<centerleft>50%</centerleft>
			<centertop>50%</centertop>
			<width>200</width>
			<height>200</height>
			<colordiffuse>blue2</colordiffuse>
			<texture>videoosd/next.png</texture>
       			<align>center</align>
      			<aligny>center</aligny>
			<visible>!String.StartsWith(Player.SeekStepSize,-)</visible>
			<visible>!String.IsEmpty(Player.SeekStepSize)</visible>
		</control>
		<control type="label" id="1">
			<centerleft>50%</centerleft>
			<centertop>50%</centertop>
			<width>200</width>
			<height>200</height>
			<align>center</align>
			<aligny>center</aligny>
			<font>font28_title</font>
			<textcolor>orange</textcolor>
			<shadowcolor>black</shadowcolor>
			<label>$INFO[Player.PlaySpeed]</label>
			<visible>Player.Forwarding | Player.Rewinding</visible>
		</control>
		<control type="image" id="1">
			<centerleft>56%</centerleft>
			<centertop>50%</centertop>
			<width>200</width>
			<height>200</height>
			<colordiffuse>orange</colordiffuse>
			<texture>videoosd/forward.png</texture>
       			<align>center</align>
      			<aligny>center</aligny>
			<visible>Player.Forwarding</visible>
		</control>
		<control type="image" id="1">
			<centerleft>44%</centerleft>
			<centertop>50%</centertop>
			<width>200</width>
			<height>200</height>
			<colordiffuse>orange</colordiffuse>
			<texture>videoosd/rewind.png</texture>
       			<align>center</align>
      			<aligny>center</aligny>
			<visible>Player.Rewinding</visible>
		</control>
	</control>

<!--кнопка-плей-пауза-->

<!--Иконка_TimeShift-->
		<control type="image" id="1">
			<right>145</right>
			<top>3</top>
			<width>55</width>
			<height>55</height>
			<texture colordiffuse="white">special://skin/extras/button/timeshift.png</texture>
			<visible>PVR.IsTimeShift</visible>
		</control>
<!--Иконка_TimeShift-->


<!--Games-->
		<control type="group" id="1">
			<visible>Player.HasGame</visible>
			<control type="image" id="1">
			<animation effect="fade" start="100" end="50" time="500" delay="500"  loop="true" condition="Player.Paused">conditional</animation>
				<centerleft>50%</centerleft>
				<centertop>50%</centertop>
				<width>286</width>
				<height>122</height>
				<texture>gamesosd/pause.png</texture>
       				<align>center</align>
      				<aligny>center</aligny>
				<visible>Player.Paused</visible>
			</control>
			<control type="image" id="1">
				<left>0</left>
				<top>0</top>
				<width>240</width>
				<height>100%</height>
				<texture>gamesosd/left.jpg</texture>
       				<align>center</align>
      				<aligny>center</aligny>
				<visible>Player.HasGame</visible>
				<visible>String.IsEqual(RetroPlayer.StretchMode,4:3)</visible>
			</control>
			<control type="image" id="1">
				<right>0</right>
				<top>0</top>
				<width>240</width>
				<height>100%</height>
				<texture>gamesosd/right.jpg</texture>
       				<align>center</align>
      				<aligny>center</aligny>
				<visible>Player.HasGame</visible>
				<visible>String.IsEqual(RetroPlayer.StretchMode,4:3)</visible>
			</control>
			<control type="image" id="1">
				<left>-100</left>
				<top>0</top>
				<width>2120</width>
				<height>1080</height>
				<texture>gamesosd/fon.png</texture>
       				<align>center</align>
      				<aligny>center</aligny>
				<animation effect="fade" start="100" end="0" time="2000" tween="Circle" easing="In">WindowOpen</animation>
			</control>
			<!--control type="image" id="1">
				<centerleft>50%</centerleft>
				<centertop>50%</centertop>
				<width>50%</width>
				<height>50%</height>
				<texture>gamesosd/Nintendo.gif</texture>
       				<align>center</align>
      				<aligny>center</aligny>
				<visible>Player.HasGame</visible>
				<animation effect="fade" start="100" end="0" time="1000" tween="Circle" easing="In">WindowOpen</animation>
			</control-->
		</control>
<!--Games-->

<!--опер_паметь-->
		<control type="group" id="1">
			<visible>Integer.IsEqual(System.Date(m),12) + Integer.IsGreaterOrEqual(System.Date(d),8) | Integer.IsEqual(System.Date(m),1) + Integer.IsLessOrEqual(System.Date(d),8)</visible>
<visible>Player.ShowInfo | !String.IsEmpty(PVR.ChannelNumberInput)</visible>
			<control type="image" id="1">
				<left>0</left>
				<top>0</top>
				<width>300</width>
				<height>200</height>
				<texture>new_year/branch_left.png</texture>
			</control>
			<control type="image" id="1">
				<left>-20</left>
				<top>-30</top>
				<width>200</width>
				<height>200</height>
				<texture>new_year/toy.png</texture>
			</control>
			<control type="label" id="1">
				<left>43</left>
				<top>58</top>
				<width>80</width>
				<height>23</height>
				<align>center</align>
				<aligny>center</aligny>
				<font>font10</font>
				<textcolor>white</textcolor>
				<shadowcolor>black</shadowcolor>
				<label>$INFO[Player.CacheLevel]%</label>
			</control>
			<control type="label" id="1">
				<left>20</left>
				<top>80</top>
				<width>120</width>
				<height>45</height>
				<align>center</align>
				<aligny>center</aligny>
				<font>font24_title</font>
				<textcolor>white</textcolor>
				<shadowcolor>black</shadowcolor>
				<label>[B]$INFO[System.Memory(used.percent)][/B]</label>
			</control>
		</control>
<!--опер_паметь-->

<!--ЧАСЫ-->
<!--часы-новый-год-->
		<control type="group" id="1">
			<visible>Integer.IsEqual(System.Date(m),12) + Integer.IsGreaterOrEqual(System.Date(d),8) | Integer.IsEqual(System.Date(m),1) + Integer.IsLessOrEqual(System.Date(d),8)</visible>
			<control type="image" id="1">
				<right>0</right>
				<top>0</top>
				<width>300</width>
				<height>200</height>
				<texture>new_year/branch_right.png</texture>
			</control>
			<control type="image" id="1">
				<right>-20</right>
				<top>-30</top>
				<width>200</width>
				<height>200</height>
				<texture>new_year/toy.png</texture>
			</control>
			<control type="label" id="1">
				<right>43</right>
				<top>50</top>
				<width>80</width>
				<height>45</height>
				<align>center</align>
				<aligny>center</aligny>
				<font>font10</font>
				<textcolor>white</textcolor>
				<shadowcolor>black</shadowcolor>
				<label>$INFO[System.Date(yyyy)]</label>
			</control>
			<control type="label" id="1">
				<right>33</right>
				<top>80</top>
				<width>300</width>
				<height>45</height>
				<align>right</align>
				<aligny>center</aligny>
				<font>font24_title</font>
				<textcolor>white</textcolor>
				<shadowcolor>black</shadowcolor>
				<label>$INFO[System.Time]</label>
			</control>
			<control type="label" id="1">
				<right>45</right>
				<top>110</top>
				<width>300</width>
				<height>45</height>
				<align>right</align>
				<aligny>center</aligny>
				<font>font10</font>
				<textcolor>white</textcolor>
				<shadowcolor>black</shadowcolor>
				<label>$INFO[System.Date(dd mmm)]</label>
			</control>
		</control>
<!--часы-новый-год-->




		<include>spinner_media</include>

<!--PVR-->
		<control type="group" id="1">
			<animation effect="slide" start="0,-250" end="0" time="200">Visible</animation>
			<animation effect="slide" start="0" end="0,-250" time="200">Hidden</animation>
			<visible>Player.ShowInfo | Player.Paused</visible>
			<include>osd_pvr_top</include>
		</control>
		<control type="group" id="2">
			<animation effect="slide" start="0,250" end="0" time="200">Visible</animation>
			<animation effect="slide" start="0" end="0,250" time="200">Hidden</animation>
			<visible>[Player.ShowInfo | Player.Paused] + [VideoPlayer.HasEpg] | [Integer.IsEqual(PVR.EpgEventElapsedTime(hh),00) + Integer.IsEqual(PVR.EpgEventElapsedTime(mm),00) + Integer.IsLessOrEqual(PVR.EpgEventElapsedTime(ss),03)]</visible>
			<include>osd_pvr_bottom</include>
		</control>
		<control type="group" id="2">
			<visible>Player.Seeking</visible>
			<include>osd_pvr_bottom</include>
		</control>
<!--PVR-->
<!--VIDEO-->
		<control type="group" id="1">
			<animation effect="slide" start="0,-250" end="0" time="500" tween="Elastic" easing="inout">Visible</animation>
			<animation effect="slide" start="0,0" end="0,-250" time="500" tween="Elastic" easing="inout">Hidden</animation>
			<visible>Window.IsActive(VideoOSD) | Player.ShowInfo | Player.Paused</visible>
			<visible>![PVR.IsPlayingTV | Player.Seeking | PVR.IsPlayingTV | Player.HasGame]</visible>
			<include>osd_video_top</include>
		</control>
		<control type="group" id="1">
			<animation effect="slide" start="0,250" end="0" time="500" tween="Elastic" easing="inout">Visible</animation>
			<animation effect="slide" start="0,0" end="0,250" time="500" tween="Elastic" easing="inout">Hidden</animation>
			<visible>Window.IsActive(1103) | Window.IsActive(VideoOSD) | Player.ShowInfo | Player.Seeking | Player.Paused</visible>
			<visible>![PVR.IsPlayingTV | Player.Seeking | PVR.IsPlayingTV | Player.HasGame]</visible>
			<include>osd_video_bottom</include>
		</control>
		<control type="group" id="1">
			<visible>Player.Seeking</visible>
			<include>osd_video_bottom</include>
		</control>

<!--VIDEO-->
		

		<!--<include>osd_movies</include>
		<include>osd_tvshow</include>-->



		<control type="group" id="1">
			<control type="image" id="1">
				<right>25</right>
				<top>8</top>
				<width>120</width>
				<height>70</height>
				<texture border="5" colordiffuse="grey4">videoosd/fon_button.png</texture>
      				<bordertexture border="5">videoosd/shadow button.png</bordertexture>
			<visible>![Player.ShowInfo | Player.Paused | Player.Seeking]</visible>
			</control>
			<control type="label" id="1">
				<right>30</right>
				<top>8</top>
				<width>300</width>
				<height>45</height>
				<align>right</align>
				<aligny>center</aligny>
				<font>font28_title</font>
				<textcolor>grey</textcolor>
				<shadowcolor>black</shadowcolor>
				<label>$INFO[System.Time]</label>
			</control>
			<control type="label" id="1">
				<right>25</right>
				<top>40</top>
				<width>300</width>
				<height>45</height>
				<align>right</align>
				<aligny>center</aligny>
				<font>font10</font>
				<textcolor>white</textcolor>
				<shadowcolor>black</shadowcolor>
				<label>$INFO[System.Date(ddd dd mmm)]</label>
			</control>
		</control>
<!--ЧАСЫ-->















	</controls>
</window>