<?xml version="1.0" encoding="UTF-8" standalone="yes"?>
<addon id="repository.myrepository"
        name="MyRepository"
        version="1.0.2"
        provider-name="Shaim_84">
  <requires>
    <import addon="xbmc.addon" version="12.0.0"/>
  </requires>
    <extension point="xbmc.addon.repository"
        name="MyRepository">
        <dir>
            <info compressed="true">https://github.com/Aslan840/Aslan840.github.io/raw/main/repository/addons.xml</info>
            <checksum>https://github.com/seppius-xbmc-repo/ru/raw/master/addons.xml.md5</checksum>
            <datadir zip="true">https://github.com/Aslan840/Aslan840.github.io/raw/main/repository/repo/zip</datadir>
        </dir>
    </extension>
    <extension point="xbmc.addon.metadata">
        <summary lang="en_US">Install Add-ons for XBMC, Kodi.tv</summary>
        <summary lang="ru">Дополнения для Kodi.tv</summary>
        <description lang="ru">Плагины авторов форума XBMC[CR]Если вы обнаружили нерабочее дополнение, сообщите об этом разработчику плагина в соответствующей теме раздела "Помощь по плагинам" русского форума xbmc.ru.</description>
        <disclaimer lang="en_US">Official Team Kodi did not make the add-ons on this repository and are not responsible for their content</disclaimer>
        <disclaimer lang="ru">Разработчики Official Team Kodi не являются авторами дополнений в данном репозитории и не несут ответственность за их содержимое.</disclaimer>
        <platform>all</platform>
        <assets>
            <icon>icon.png</icon>
            <fanart>fanart.jpg</fanart>
        </assets>
    </extension>
</addon>
