<?xml version="1.0" encoding="UTF-8"?>
<addon id="game.libretro.dendy"
		name="Dendy - NES / Famicom (QuickNES)"
		version="1.0.0"
		provider-name="blargg, kode54">
	<requires>
		<import addon="game.libretro" version="1.0.0"/>
	</requires>
	<extension point="kodi.gameclient"
			library_android="libgame.libretro.dendy.so">
		<platforms>NES</platforms>
		<extensions>nes</extensions>
		<supports_vfs>true</supports_vfs>
		<supports_standalone>false</supports_standalone>
		<requires_opengl>false</requires_opengl>
	</extension>
	<extension point="xbmc.addon.metadata">
		<license>LGPLv2.1+</license>
		<platform>android-armv7</platform>
		<source>https://github.com/kodi-game/game.libretro.quicknes</source>
		<assets>
			<icon>resources/icon.png</icon>
		</assets>
		<summary lang="da_DK">Nintendo - NES / Famicom (QuickNES)</summary>
		<summary lang="en_GB">Nintendo - NES / Famicom (QuickNES)</summary>
		<summary lang="es_ES">Nintendo - NES / Famicom (QuickNES)</summary>
		<summary lang="zh_CN">任天堂 - NES / Famicom (QuickNES)</summary>
		<description lang="da_DK">En port af QuickNES-kernebiblioteket, oprindeligt af Shay Green, stærkt modificeret. QuickNES er en nyere emulator, der ser ud til at have god kompatibilitet.</description>
		<description lang="de_DE">Eine Portierung der QuickNES-Corebibliothek, ursprünglich von Shay Green, stark verändert. QuickNES ist ein neuerer Emulator, der eine gute Kompatibilität zu haben scheint.</description>
		<description lang="en_GB">A port of the QuickNES core library, originally by Shay Green, heavily modified. QuickNES is a newer emulator that seems to have good compatibility.</description>
		<description lang="es_ES">Una adaptación de la biblioteca principal de QuickNES, originalmente de Shay Green, muy modificada. QuickNES es un emulador más reciente que parece tener buena compatibilidad.</description>
		<description lang="zh_CN">QuickNES 核心库的一个迁移，最初由 Shay Green 提供，经过了大量修改。QuickNES 是一种新的模拟器，似乎具有良好的兼容性。</description>
	</extension>
</addon>
