<?xml version="1.0" encoding="UTF-8"?>
<colors>
	<color name="white">FFF1F1F1</color>
	<color name="grey">FFb4b4b4</color>
	<color name="grey2">FF999999</color>
	<color name="grey3">FF505050</color>
	<color name="grey4">FF191919</color>
	<color name="black">FF000000</color>
	<color name="blue">FF0084ff</color>
	<color name="blue2">FFFF12A0C7</color>
	<color name="green">FF00B221</color>
	<color name="green2">FF107610</color>
	<color name="green3">4000B221</color>
	<color name="selected">FFEB9E17</color>
	<color name="invalid">FFFF0000</color>
	<color name="rad">FFFF0000</color>
	<color name="rad3">40FF0000</color>
	<color name="orange">FFFF5113</color>
</colors>