<?xml version="1.0" encoding="UTF-8"?>
<includes>
	<include name="wink_balance">
 		<control type="group">
   	<animation effect="slide" start="0,0" end="0,-900" time="500" condition="ControlGroup(9003).HasFocus">conditional</animation>
    <visible>[Integer.IsGreater(System.time(ss),10) + Integer.IsLessOrEqual(System.time(ss),20)] | [Integer.IsGreater(System.time(ss),30) + Integer.IsLessOrEqual(System.time(ss),40)] | [Integer.IsGreater(System.time(ss),50) + Integer.IsLessOrEqual(System.time(ss),60)]</visible>
			<top>80</top>
 			<control type="label">
				<centerleft>39%</centerleft>
				<top>310</top>
				<width>300</width>
				<height>30</height>
				<align>center</align>
				<aligny>center</aligny>
				<font>font16</font>
				<textcolor>white</textcolor>
				<label>Ростелеком</label>
			</control>
			<control type="label">
				<centerleft>40%</centerleft>
				<top>385</top>
				<width>300</width>
				<height>30</height>
				<align>center</align>
				<aligny>center</aligny>
				<font>font14</font>
				<textcolor>white</textcolor>
				<shadowcolor>black</shadowcolor>
				<label>[COLOR blue2]Баланс[/COLOR] $NUMBER[-277.89] ₽</label>
			</control>
			<control type="label">
				<centerleft>40%</centerleft>
				<top>440</top>
				<width>300</width>
				<height>30</height>
				<align>center</align>
				<aligny>center</aligny>
				<font>font14</font>
				<textcolor>white</textcolor>
				<shadowcolor>black</shadowcolor>
				<label>[COLOR blue2]Долг[/COLOR] $NUMBER[621.12] ₽</label>
			</control>
		</control>
	</include>

</includes>

        