<?xml version="1.0" encoding="UTF-8"?>
<includes>


	<include name="home_clock">
		<control type="group">
	<animation effect="slide" start="0,0" end="0,-380" time="500" condition="ControlGroup(9003).HasFocus">conditional</animation>
			<top>80</top>
			<control type="image">
				<centerleft>50%</centerleft>
				<top>20</top>
				<width>700</width>
				<height>500</height>
				<fadetime>500</fadetime>
				<aspectratio>scale</aspectratio>
				<texture>clock/fon.png</texture>
			</control>

			<control type="image">
				<centerleft>39%</centerleft>
				<top>0</top>
				<width>100</width>
				<height>300</height>
				<texture>clock/0.png</texture>
           			<visible>String.StartsWith(System.time(hh),0)</visible>
				<animation type="Visible" reversible="false">
					<effect type="rotatex" start="180" end="0" center="150.150" delay="0" easing="out" tween="back" time="500" />
				</animation>
			</control>
			<control type="image">
				<centerleft>39%</centerleft>
				<top>0</top>
				<width>100</width>
				<height>300</height>
				<texture>clock/1.png</texture>
           			<visible>String.StartsWith(System.time(hh),1)</visible>
				<animation type="Visible" reversible="false">
					<effect type="rotatex" start="180" end="0" center="150.150" delay="0" easing="out" tween="back" time="500" />
				</animation>
			</control>
			<control type="image">
				<centerleft>39%</centerleft>
				<top>0</top>
				<width>100</width>
				<height>300</height>
				<texture>clock/2.png</texture>
           			<visible>String.StartsWith(System.time(hh),2)</visible>
				<animation type="Visible" reversible="false">
					<effect type="rotatex" start="180" end="0" center="150.150" delay="0" easing="out" tween="back" time="500" />
				</animation>
			</control>
			<control type="image">
				<centerleft>39%</centerleft>
				<top>0</top>
				<width>100</width>
				<height>300</height>
				<texture>clock/3.png</texture>
           			<visible>String.StartsWith(System.time(hh),3)</visible>
				<animation type="Visible" reversible="false">
					<effect type="rotatex" start="180" end="0" center="150.150" delay="0" easing="out" tween="back" time="500" />
				</animation>
			</control>
			<control type="image">
				<centerleft>39%</centerleft>
				<top>0</top>
				<width>100</width>
				<height>300</height>
				<texture>clock/4.png</texture>
           			<visible>String.StartsWith(System.time(hh),4)</visible>
				<animation type="Visible" reversible="false">
					<effect type="rotatex" start="180" end="0" center="150.150" delay="0" easing="out" tween="back" time="500" />
				</animation>
			</control>
			<control type="image">
				<centerleft>39%</centerleft>
				<top>0</top>
				<width>100</width>
				<height>300</height>
				<texture>clock/5.png</texture>
           			<visible>String.StartsWith(System.time(hh),5)</visible>
				<animation type="Visible" reversible="false">
					<effect type="rotatex" start="180" end="0" center="150.150" delay="0" easing="out" tween="back" time="500" />
				</animation>
			</control>
			<control type="image">
				<centerleft>39%</centerleft>
				<top>0</top>
				<width>100</width>
				<height>300</height>
				<texture>clock/6.png</texture>
           			<visible>String.StartsWith(System.time(hh),6)</visible>
				<animation type="Visible" reversible="false">
					<effect type="rotatex" start="180" end="0" center="150.150" delay="0" easing="out" tween="back" time="500" />
				</animation>
			</control>
			<control type="image">
				<centerleft>39%</centerleft>
				<top>0</top>
				<width>100</width>
				<height>300</height>
				<texture>clock/7.png</texture>
           			<visible>String.StartsWith(System.time(hh),7)</visible>
				<animation type="Visible" reversible="false">
					<effect type="rotatex" start="180" end="0" center="150.150" delay="0" easing="out" tween="back" time="500" />
				</animation>
			</control>
			<control type="image">
				<centerleft>39%</centerleft>
				<top>0</top>
				<width>100</width>
				<height>300</height>
				<texture>clock/8.png</texture>
           			<visible>String.StartsWith(System.time(hh),8)</visible>
				<animation type="Visible" reversible="false">
					<effect type="rotatex" start="180" end="0" center="150.150" delay="0" easing="out" tween="back" time="500" />
				</animation>
			</control>
			<control type="image">
				<centerleft>39%</centerleft>
				<top>0</top>
				<width>100</width>
				<height>300</height>
				<texture>clock/9.png</texture>
           			<visible>String.StartsWith(System.time(hh),9)</visible>
				<animation type="Visible" reversible="false">
					<effect type="rotatex" start="180" end="0" center="150.150" delay="0" easing="out" tween="back" time="500" />
				</animation>
			</control>

			<control type="image">
				<centerleft>45%</centerleft>
				<top>0</top>
				<width>100</width>
				<height>300</height>
				<texture>clock/0.png</texture>
           			<visible>String.EndsWith(System.time(hh),0)</visible>
				<animation type="Visible" reversible="false">
					<effect type="rotatex" start="180" end="0" center="150.150" delay="0" easing="out" tween="back" time="500" />
				</animation>
			</control>
			<control type="image">
				<centerleft>45%</centerleft>
				<top>0</top>
				<width>100</width>
				<height>300</height>
				<texture>clock/1.png</texture>
           			<visible>String.EndsWith(System.time(hh),1)</visible>
				<animation type="Visible" reversible="false">
					<effect type="rotatex" start="180" end="0" center="150.150" delay="0" easing="out" tween="back" time="500" />
				</animation>
			</control>
			<control type="image">
				<centerleft>45%</centerleft>
				<top>0</top>
				<width>100</width>
				<height>300</height>
				<texture>clock/2.png</texture>
           			<visible>String.EndsWith(System.time(hh),2)</visible>
				<animation type="Visible" reversible="false">
					<effect type="rotatex" start="180" end="0" center="150.150" delay="0" easing="out" tween="back" time="500" />
				</animation>
			</control>
			<control type="image">
				<centerleft>45%</centerleft>
				<top>0</top>
				<width>100</width>
				<height>300</height>
				<texture>clock/3.png</texture>
           			<visible>String.EndsWith(System.time(hh),3)</visible>
				<animation type="Visible" reversible="false">
					<effect type="rotatex" start="180" end="0" center="150.150" delay="0" easing="out" tween="back" time="500" />
				</animation>
			</control>
			<control type="image">
				<centerleft>45%</centerleft>
				<top>0</top>
				<width>100</width>
				<height>300</height>
				<texture>clock/4.png</texture>
           			<visible>String.EndsWith(System.time(hh),4)</visible>
				<animation type="Visible" reversible="false">
					<effect type="rotatex" start="180" end="0" center="150.150" delay="0" easing="out" tween="back" time="500" />
				</animation>
			</control>
			<control type="image">
				<centerleft>45%</centerleft>
				<top>0</top>
				<width>100</width>
				<height>300</height>
				<texture>clock/5.png</texture>
           			<visible>String.EndsWith(System.time(hh),5)</visible>
				<animation type="Visible" reversible="false">
					<effect type="rotatex" start="180" end="0" center="150.150" delay="0" easing="out" tween="back" time="500" />
				</animation>
			</control>
			<control type="image">
				<centerleft>45%</centerleft>
				<top>0</top>
				<width>100</width>
				<height>300</height>
				<texture>clock/6.png</texture>
           			<visible>String.EndsWith(System.time(hh),6)</visible>
				<animation type="Visible" reversible="false">
					<effect type="rotatex" start="180" end="0" center="150.150" delay="0" easing="out" tween="back" time="500" />
				</animation>
			</control>
			<control type="image">
				<centerleft>45%</centerleft>
				<top>0</top>
				<width>100</width>
				<height>300</height>
				<texture>clock/7.png</texture>
           			<visible>String.EndsWith(System.time(hh),7)</visible>
				<animation type="Visible" reversible="false">
					<effect type="rotatex" start="180" end="0" center="150.150" delay="0" easing="out" tween="back" time="500" />
				</animation>
			</control>
			<control type="image">
				<centerleft>45%</centerleft>
				<top>0</top>
				<width>100</width>
				<height>300</height>
				<texture>clock/8.png</texture>
           			<visible>String.EndsWith(System.time(hh),8)</visible>
				<animation type="Visible" reversible="false">
					<effect type="rotatex" start="180" end="0" center="150.150" delay="0" easing="out" tween="back" time="500" />
				</animation>
			</control>
			<control type="image">
				<centerleft>45%</centerleft>
				<top>0</top>
				<width>100</width>
				<height>300</height>
				<texture>clock/9.png</texture>
           			<visible>String.EndsWith(System.time(hh),9)</visible>
				<animation type="Visible" reversible="false">
					<effect type="rotatex" start="180" end="0" center="150.150" delay="0" easing="out" tween="back" time="500" />
				</animation>
			</control>

			<control type="image">
				<centerleft>50%</centerleft>
				<top>70</top>
				<width>50</width>
				<height>180</height>
				<texture>clock/point.png</texture>
				<animation effect="fade" center="auto" start="0" time="500" delay="500" loop="true" reversible="true" condition="true">Conditional</animation>
			</control>

			<control type="image">
				<centerleft>55%</centerleft>
				<top>0</top>
				<width>100</width>
				<height>300</height>
				<texture>clock/0.png</texture>
           			<visible>String.StartsWith(System.time(mm),0)</visible>
				<animation type="Visible" reversible="false">
					<effect type="rotatex" start="180" end="0" center="150.50" delay="0" easing="out" tween="back" time="500" />
				</animation>
			</control>
			<control type="image">
				<centerleft>55%</centerleft>
				<top>0</top>
				<width>100</width>
				<height>300</height>
				<texture>clock/1.png</texture>
           			<visible>String.StartsWith(System.time(mm),1)</visible>
				<animation type="Visible" reversible="false">
					<effect type="rotatex" start="180" end="0" center="150.50" delay="0" easing="out" tween="back" time="500" />
				</animation>
			</control>
			<control type="image">
				<centerleft>55%</centerleft>
				<top>0</top>
				<width>100</width>
				<height>300</height>
				<texture>clock/2.png</texture>
           			<visible>String.StartsWith(System.time(mm),2)</visible>
				<animation type="Visible" reversible="false">
					<effect type="rotatex" start="180" end="0" center="150.50" delay="0" easing="out" tween="back" time="500" />
				</animation>
			</control>
			<control type="image">
				<centerleft>55%</centerleft>
				<top>0</top>
				<width>100</width>
				<height>300</height>
				<texture>clock/3.png</texture>
           			<visible>String.StartsWith(System.time(mm),3)</visible>
				<animation type="Visible" reversible="false">
					<effect type="rotatex" start="180" end="0" center="150.50" delay="0" easing="out" tween="back" time="500" />
				</animation>
			</control>
			<control type="image">
				<centerleft>55%</centerleft>
				<top>0</top>
				<width>100</width>
				<height>300</height>
				<texture>clock/4.png</texture>
           			<visible>String.StartsWith(System.time(mm),4)</visible>
				<animation type="Visible" reversible="false">
					<effect type="rotatex" start="180" end="0" center="150.50" delay="0" easing="out" tween="back" time="500" />
				</animation>
			</control>
			<control type="image">
				<centerleft>55%</centerleft>
				<top>0</top>
				<width>100</width>
				<height>300</height>
				<texture>clock/5.png</texture>
           			<visible>String.StartsWith(System.time(mm),5)</visible>
				<animation type="Visible" reversible="false">
					<effect type="rotatex" start="180" end="0" center="150.50" delay="0" easing="out" tween="back" time="500" />
				</animation>
			</control>
			<control type="image">
				<centerleft>55%</centerleft>
				<top>0</top>
				<width>100</width>
				<height>300</height>
				<texture>clock/6.png</texture>
           			<visible>String.StartsWith(System.time(mm),6)</visible>
				<animation type="Visible" reversible="false">
					<effect type="rotatex" start="180" end="0" center="150.50" delay="0" easing="out" tween="back" time="500" />
				</animation>
			</control>
			<control type="image">
				<centerleft>55%</centerleft>
				<top>0</top>
				<width>100</width>
				<height>300</height>
				<texture>clock/7.png</texture>
           			<visible>String.StartsWith(System.time(mm),7)</visible>
				<animation type="Visible" reversible="false">
					<effect type="rotatex" start="180" end="0" center="150.50" delay="0" easing="out" tween="back" time="500" />
				</animation>
			</control>
			<control type="image">
				<centerleft>55%</centerleft>
				<top>0</top>
				<width>100</width>
				<height>300</height>
				<texture>clock/8.png</texture>
           			<visible>String.StartsWith(System.time(mm),8)</visible>
				<animation type="Visible" reversible="false">
					<effect type="rotatex" start="180" end="0" center="150.50" delay="0" easing="out" tween="back" time="500" />
				</animation>
			</control>
			<control type="image">
				<centerleft>55%</centerleft>
				<top>0</top>
				<width>100</width>
				<height>300</height>
				<texture>clock/9.png</texture>
           			<visible>String.StartsWith(System.time(mm),9)</visible>
				<animation type="Visible" reversible="false">
					<effect type="rotatex" start="180" end="0" center="150.50" delay="0" easing="out" tween="back" time="500" />
				</animation>
			</control>

			<control type="image">
				<centerleft>61%</centerleft>
				<top>0</top>
				<width>100</width>
				<height>300</height>
				<texture>clock/0.png</texture>
           			<visible>String.EndsWith(System.time(mm),0)</visible>
				<animation type="Visible" reversible="false">
					<effect type="rotatex" start="180" end="0" center="150.50" delay="0" easing="out" tween="back" time="500" />
				</animation>
			</control>
			<control type="image">
				<centerleft>61%</centerleft>
				<top>0</top>
				<width>100</width>
				<height>300</height>
				<texture>clock/1.png</texture>
           			<visible>String.EndsWith(System.time(mm),1)</visible>
				<animation type="Visible" reversible="false">
					<effect type="rotatex" start="180" end="0" center="150.50" delay="0" easing="out" tween="back" time="500" />
				</animation>
			</control>
			<control type="image">
				<centerleft>61%</centerleft>
				<top>0</top>
				<width>100</width>
				<height>300</height>
				<texture>clock/2.png</texture>
           			<visible>String.EndsWith(System.time(mm),2)</visible>
				<animation type="Visible" reversible="false">
					<effect type="rotatex" start="180" end="0" center="150.50" delay="0" easing="out" tween="back" time="500" />
				</animation>
			</control>
			<control type="image">
				<centerleft>61%</centerleft>
				<top>0</top>
				<width>100</width>
				<height>300</height>
				<texture>clock/3.png</texture>
           			<visible>String.EndsWith(System.time(mm),3)</visible>
				<animation type="Visible" reversible="false">
					<effect type="rotatex" start="180" end="0" center="150.50" delay="0" easing="out" tween="back" time="500" />
				</animation>
			</control>
			<control type="image">
				<centerleft>61%</centerleft>
				<top>0</top>
				<width>100</width>
				<height>300</height>
				<texture>clock/4.png</texture>
           			<visible>String.EndsWith(System.time(mm),4)</visible>
				<animation type="Visible" reversible="false">
					<effect type="rotatex" start="180" end="0" center="150.50" delay="0" easing="out" tween="back" time="500" />
				</animation>
			</control>
			<control type="image">
				<centerleft>61%</centerleft>
				<top>0</top>
				<width>100</width>
				<height>300</height>
				<texture>clock/5.png</texture>
           			<visible>String.EndsWith(System.time(mm),5)</visible>
				<animation type="Visible" reversible="false">
					<effect type="rotatex" start="180" end="0" center="150.50" delay="0" easing="out" tween="back" time="500" />
				</animation>
			</control>
			<control type="image">
				<centerleft>61%</centerleft>
				<top>0</top>
				<width>100</width>
				<height>300</height>
				<texture>clock/6.png</texture>
           			<visible>String.EndsWith(System.time(mm),6)</visible>
				<animation type="Visible" reversible="false">
					<effect type="rotatex" start="180" end="0" center="150.50" delay="0" easing="out" tween="back" time="500" />
				</animation>
			</control>
			<control type="image">
				<centerleft>61%</centerleft>
				<top>0</top>
				<width>100</width>
				<height>300</height>
				<texture>clock/7.png</texture>
           			<visible>String.EndsWith(System.time(mm),7)</visible>
				<animation type="Visible" reversible="false">
					<effect type="rotatex" start="180" end="0" center="150.50" delay="0" easing="out" tween="back" time="500" />
				</animation>
			</control>
			<control type="image">
				<centerleft>61%</centerleft>
				<top>0</top>
				<width>100</width>
				<height>300</height>
				<texture>clock/8.png</texture>
           			<visible>String.EndsWith(System.time(mm),8)</visible>
				<animation type="Visible" reversible="false">
					<effect type="rotatex" start="180" end="0" center="150.50" delay="0" easing="out" tween="back" time="500" />
				</animation>
			</control>
			<control type="image">
				<centerleft>61%</centerleft>
				<top>0</top>
				<width>100</width>
				<height>300</height>
				<texture>clock/9.png</texture>
           			<visible>String.EndsWith(System.time(mm),9)</visible>
				<animation type="Visible" reversible="false">
					<effect type="rotatex" start="180" end="0" center="150.50" delay="0" easing="out" tween="back" time="500" />
				</animation>
			</control>
		</control>
	</include>

</includes>
