<?xml version="1.0" encoding="UTF-8"?>
<includes>
	<include name="osd_pvr_top">
		<control type="group" id="1">
		<visible>PVR.IsPlayingTV</visible>
			<control type="image" id="1">
				<left>0</left>
				<top>0</top>
				<width>100%</width>
				<height>10%</height>
				<texture border="5" colordiffuse="grey4">videoosd/fon_button.png</texture>
      				<bordertexture border="5">videoosd/shadow button.png</bordertexture>
			</control>
			<control type="image" id="1">
				<left>0</left>
				<top>2</top>
				<width>187</width>
				<height>105</height>
				<texture border="10" diffuse="videoosd/fon_button.png">$INFO[Player.Icon]</texture>
			</control>
			<control type="label" id="1">
				<left>190</left>
				<top>20</top>
				<width>90</width>
				<height>30</height>
				<font>font35_title</font>
				<align>right</align>
				<aligny>center</aligny>
				<label>00$INFO[VideoPlayer.ChannelNumberLabel]</label>
				<textcolor>blue2</textcolor>
                    		<visible>Integer.IsLess(VideoPlayer.ChannelNumberLabel,10) + PVR.IsPlayingTV</visible>
			</control>
			<control type="label" id="1">
				<left>190</left>
				<top>20</top>
				<width>90</width>
				<height>30</height>
				<font>font35_title</font>
				<align>right</align>
				<aligny>center</aligny>
				<label>0$INFO[VideoPlayer.ChannelNumberLabel]</label>
				<textcolor>blue2</textcolor>
                    		<visible>Integer.IsLess(VideoPlayer.ChannelNumberLabel,100) + PVR.IsPlayingTV</visible>
			</control>
			<control type="label" id="1">
				<left>190</left>
				<top>20</top>
				<width>90</width>
				<height>30</height>
				<font>font35_title</font>
				<align>right</align>
				<aligny>center</aligny>
				<label>$INFO[VideoPlayer.ChannelNumberLabel]</label>
				<textcolor>blue2</textcolor>
                    	<visible>Integer.IsLess(VideoPlayer.ChannelNumberLabel,1000) + PVR.IsPlayingTV</visible>
			</control>

		<control type="grouplist" id="1">
			<left>285</left>
			<top>0</top>
			<height>100</height>
     			<orientation>Horizontal</orientation>
			<control type="label" id="1">
				<width min="50" max="1100">auto</width>
				<height>38</height>
				<align>left</align>
				<font>font35_title</font>
       				<angle>0</angle>
				<label>[B]$INFO[VideoPlayer.ChannelName][/B]</label>
				<textcolor>grey</textcolor>
				<shadowcolor>black</shadowcolor>
				<visible>PVR.IsPlayingTV</visible>
			</control>
			<control type="image" id="1">
				<width>80</width>
				<height>55</height>
				<aspectratio align="center">keep</aspectratio>
				<colordiffuse>blue2</colordiffuse>
				<texture>$INFO[VideoPlayer.VideoResolution,videoosd/flagging/video/,.png]</texture>
				<visible>PVR.IsPlayingTV</visible>
			</control>
			<control type="image" id="1">
				<width>80</width>
				<height>55</height>
				<aspectratio align="center">keep</aspectratio>
				<colordiffuse>blue2</colordiffuse>
				<texture>videoosd/flagging/audio/rus.png</texture>
				<visible>PVR.IsPlayingTV</visible>
				<visible>String.Contains(VideoPlayer.AudioLanguage,rus)</visible>
			</control>
			<control type="image" id="1">
				<width>80</width>
				<height>55</height>
				<aspectratio align="center">keep</aspectratio>
				<colordiffuse>blue2</colordiffuse>
				<texture>videoosd/flagging/audio/eng.png</texture>
				<visible>PVR.IsPlayingTV</visible>
				<visible>String.Contains(VideoPlayer.AudioLanguage,eng)</visible>
			</control>
			<control type="image" id="1">
				<width>80</width>
				<height>55</height>
				<aspectratio align="center">keep</aspectratio>
				<colordiffuse>blue2</colordiffuse>
				<texture>videoosd/flagging/subtitles/rus.png</texture>
				<visible>PVR.IsPlayingTV</visible>
				<visible>String.Contains(VideoPlayer.SubtitlesLanguage,rus)</visible>
				<visible>VideoPlayer.SubtitlesEnabled</visible>
			</control>
		</control>
			<control type="label" id="1">
				<left>185</left>
				<top>60</top>
				<width>950</width>
				<height>35</height>
				<font>font14</font>
				<textcolor>grey</textcolor>
				<align>left</align>
				<aligny>center</aligny>
				<label>/$INFO[VideoPlayer.ChannelGroup]</label>
			</control>
		</control>

	</include>

	<include name="osd_pvr_bottom">
		<control type="group" id="1">
		<visible>PVR.IsPlayingTV</visible>
			<top>90</top>
			<control type="image" id="1">
				<left>0</left>
				<top>200r</top>
				<width>100%</width>
				<height>20%</height>
				<texture border="5" colordiffuse="grey4">videoosd/fon_button.png</texture>
      				<bordertexture border="5">videoosd/shadow button.png</bordertexture>
			</control>
			<control type="image" id="1">
				<left>10</left>
				<top>192r</top>
				<width>300</width>
				<height>180</height>
				<texture fallback="videoosd/no-img_big.jpg">$INFO[PVR.EpgEventIcon]</texture>
			</control>
			<control type="grouplist" id="1">
				<left>320</left>
				<top>200r</top>
				<control type="textbox" id="1">
					<width>1650</width>
					<height min="30" max="80">auto</height>
					<font>font14</font>
					<textcolor>grey2</textcolor>
					<align>left</align>
					<aligny>top</aligny>
					<scrolltime>200</scrolltime>
					<autoscroll delay="3000" time="1000" repeat="10000">!Control.HasFocus(1050)</autoscroll>
					<label>[COLOR blue2]Сейчас[/COLOR] $INFO[Player.Title]</label>
				</control>
				<control type="grouplist" id="2">
					<height>35</height>
					<itemgap>10</itemgap>
					<usecontrolcoords>true</usecontrolcoords>
					<orientation>Horizontal</orientation>
					<control type="label" id="1">
						<top>-5</top>
						<width>90</width>
						<font>font14</font>
						<textcolor>grey2</textcolor>
						<label>[COLOR blue2]$INFO[VideoPlayer.StartTime][/COLOR]</label>
						<visible>PVR.IsTimeShift | PVR.IsPlayingTV</visible>
					</control>
					<control type="progress" id="1">
						<left>5</left>
						<top>11</top>
						<width>1380</width>
						<height>15</height>
						<info>PVR.TimeShiftSeekbar</info>
						<texturebg border="3" colordiffuse="grey2">special://skin/extras/Progressbar/osd_2.png</texturebg>
						<midtexture border="3" colordiffuse="green2">special://skin/extras/Progressbar/osd_3.png</midtexture>
						<visible>PVR.IsTimeShift | PVR.IsPlayingTV</visible>
					</control>
					<control type="label" id="1">
						<left>5</left>
						<top>-5</top>
						<width>90</width>
						<font>font14</font>
						<textcolor>grey2</textcolor>
						<label>[COLOR blue2]$INFO[VideoPlayer.EndTime][/COLOR]</label>
						<visible>PVR.IsTimeShift | PVR.IsPlayingTV</visible>
					</control>
				</control>
				<control type="grouplist" id="2">
					<usecontrolcoords>true</usecontrolcoords>
					<orientation>Horizontal</orientation>
					<control type="label" id="1">
						<width min="30" max="1380">auto</width>
						<height>40</height>
						<font>font14</font>
						<textcolor>grey2</textcolor>
						<align>left</align>
						<aligny>center</aligny>
						<label>[COLOR blue2]Далее[/COLOR] $INFO[VideoPlayer.NextTitle]</label>
						<visible>PVR.IsPlayingTV</visible>
					</control>
					<control type="label" id="1">
						<width>250</width>
						<height>40</height>
						<font>font14</font>
						<textcolor>grey2</textcolor>
						<align>left</align>
						<aligny>center</aligny>
					<label>[COLOR blue2]Через $INFO[PVR.EpgEventRemainingTime(h)]ч $INFO[PVR.EpgEventRemainingTime(mm)]м[/COLOR]</label>
						<visible>PVR.IsPlayingTV</visible>
						<visible>!Integer.IsEqual(PVR.EpgEventRemainingTime(h),0)</visible>
					</control>
					<control type="label" id="1">
						<width>250</width>
						<height>40</height>
						<font>font14</font>
						<textcolor>grey2</textcolor>
						<align>left</align>
						<aligny>center</aligny>
						<label>[COLOR blue2]Через $INFO[PVR.EpgEventRemainingTime(m)]м[/COLOR]</label>
						<visible>PVR.IsPlayingTV</visible>
						<visible>Integer.IsEqual(PVR.EpgEventRemainingTime(h),0)</visible>
					</control>
				</control>
			</control>
		</control>


	</include>
</includes>

