<?xml version="1.0" encoding="UTF-8"?>
<includes>
	<include name="osd_video_top">
		<control type="group" id="1">
		<control type="group" id="1">
			<left>10</left>
			<top>45</top>
			<width>1900</width>
			<height>990</height>
			<visible>Player.ShowInfo</visible>
			<visible>VideoPlayer.Content(Movies)</visible>
			<control type="image" id="1">
				<left>0</left>
				<top>0</top>
				<width>1900</width>
				<height>990</height>
      				<bordersize>3</bordersize>
				<texture colordiffuse="black" border="40">special://skin/extras/videoOSD/2.png</texture>
				<bordertexture border="40" colordiffuse="grey">special://skin/extras/videoOSD/2.png</bordertexture>
			</control>
			<control type="image" id="1">
				<left>30</left>
				<top>30</top>
				<width>400</width>
				<height>550</height>
				<texture fallback="DefaultVideoCover.png">$INFO[Player.Icon]</texture>
				<bordertexture border="-3" infill="true" colordiffuse="grey">special://skin/extras/OSD_TV.png</bordertexture>
			</control>
			<control type="label" id="1">
				<left>500</left>
				<top>30</top>
				<width>1100</width>
				<height>38</height>
				<align>left</align>
				<font>font28_title</font>
       				<angle>0</angle>
				<label>[B]$INFO[VideoPlayer.Title][/B]</label>
				<textcolor>grey</textcolor>
				<shadowcolor>black</shadowcolor>
			</control>
			<control type="label" id="1">
				<left>500</left>
				<top>90</top>
				<width>1260</width>
				<height>38</height>
				<font>font14</font>
				<align>left</align>
				<aligny>center</aligny>
				<scroll>true</scroll>
				<textcolor>grey2</textcolor>
				<label>[COLOR selected]Год:[/COLOR] $INFO[VideoPlayer.Year]</label>
			</control>
			<control type="label" id="1">
				<left>500</left>
				<top>130</top>
				<width>1260</width>
				<height>38</height>
				<font>font14</font>
				<align>left</align>
				<aligny>center</aligny>
				<scroll>true</scroll>
				<textcolor>grey2</textcolor>
				<label>[COLOR selected]Страна:[/COLOR] $INFO[VideoPlayer.Country]</label>
			</control>
			<control type="label" id="1">
				<left>500</left>
				<top>170</top>>
				<width>1360</width>
				<height>38</height>
				<font>font14</font>
				<align>left</align>
				<aligny>center</aligny>
				<scroll>true</scroll>
				<textcolor>grey2</textcolor>
				<label>[COLOR selected]Жанр:[/COLOR] $INFO[VideoPlayer.Genre]</label>
			</control>
			<control type="label" id="1">
				<left>500</left>
				<top>210</top>>
				<width>1360</width>
				<height>38</height>
				<font>font14</font>
				<align>left</align>
				<aligny>center</aligny>
				<scroll>true</scroll>
				<textcolor>grey2</textcolor>
				<label>[COLOR selected]Режиссер:[/COLOR] $INFO[VideoPlayer.Director]</label>
			</control>
			<control type="label" id="1">
				<left>500</left>
				<top>250</top>>
				<width>1360</width>
				<height>38</height>
				<font>font14</font>
				<align>left</align>
				<aligny>center</aligny>
				<scroll>true</scroll>
				<textcolor>grey2</textcolor>
				<label>[COLOR selected]Актеры:[/COLOR]</label>
			</control>
			<control type="label" id="1">
				<left>630</left>
				<top>250</top>
				<width>1510</width>
				<height>300</height>
				<font>font14</font>
				<textcolor>grey2</textcolor>
				<align>left</align>
				<aligny>top</aligny>
        			<scroll>auto</scroll>
				<label>$INFO[VideoPlayer.Cast]</label>
			</control>
			<control type="textbox" id="1">
				<left>30</left>
				<top>600</top>
				<width>1840</width>
				<height>350</height>
   				<font>font13</font>
   				<textcolor>grey2</textcolor>
   				<pulseonselect></pulseonselect>
   				<scrolltime>200</scrolltime>
   				<autoscroll delay="3000" time="1000" repeat="10000">!Control.HasFocus(13)</autoscroll>
				<label>$INFO[VideoPlayer.Plot]</label>
				<visible>Player.ShowInfo</visible>
				<visible>!PVR.IsPlayingTV</visible>
			</control>
		</control>
		</control>
	</include>
</includes>
