<?xml version="1.0" encoding="UTF-8"?>
<includes>
	<include name="osd_video_top">
		<control type="group" id="1">
			<control type="group" id="1">
				<control type="image" id="1">
					<right>0</right>
					<top>0</top>
					<width>100%</width>
					<height>100</height>
					<texture border="5" colordiffuse="grey4">videoosd/fon_button.png</texture>
      					<bordertexture border="5">videoosd/shadow button.png</bordertexture>
				</control>
			<control type="grouplist" id="1">
				<left>10</left>
				<top>0</top>
				<height>100</height>
     				<orientation>Horizontal</orientation>
				<control type="label" id="1">
					<width min="50" max="1670">auto</width>
					<height min="30" max="150">auto</height>
					<font>font24_title</font>
					<textcolor>grey2</textcolor>
					<selectedcolor>blue2</selectedcolor>
					<align>left</align>
					<aligny>top</aligny>
					<scrolltime>200</scrolltime>
					<autoscroll delay="3000" time="1000" repeat="10000">!Control.HasFocus(1050)</autoscroll>
					<wrapmultiline>true</wrapmultiline>
					<label>$INFO[VideoPlayer.Title]</label>
					<visible>!VideoPlayer.Content(episodes)</visible>
				</control>
				<control type="label" id="1">
					<width min="50" max="1670">auto</width>
					<height min="30" max="150">auto</height>
					<font>font24_title</font>
					<textcolor>grey2</textcolor>
					<selectedcolor>blue2</selectedcolor>
					<align>left</align>
					<aligny>top</aligny>
					<scrolltime>200</scrolltime>
					<autoscroll delay="3000" time="1000" repeat="10000">!Control.HasFocus(1050)</autoscroll>
					<wrapmultiline>true</wrapmultiline>
					<label>$INFO[VideoPlayer.TVShowTitle] $INFO[VideoPlayer.Season]-й [COLOR selected]Сезон[/COLOR] $INFO[VideoPlayer.Episode]-я [COLOR selected]Серия[/COLOR]</label>
					<visible>VideoPlayer.Content(episodes)</visible>
				</control>
				<control type="image" id="1">
					<width>80</width>
					<height>55</height>
					<aspectratio align="center">keep</aspectratio>
					<colordiffuse>blue2</colordiffuse>
					<texture>$INFO[VideoPlayer.VideoResolution,videoosd/flagging/video/,.png]</texture>
					<visible>!VideoPlayer.Content(episodes) | VideoPlayer.Content(episodes)</visible>
				</control>
			<control type="image" id="1">
				<width>80</width>
				<height>55</height>
				<aspectratio align="center">keep</aspectratio>
				<colordiffuse>blue2</colordiffuse>
				<texture>videoosd/flagging/audio/rus.png</texture>
				<visible>PVR.IsPlayingTV</visible>
				<visible>String.Contains(VideoPlayer.AudioLanguage,rus)</visible>
			</control>
			<control type="image" id="1">
				<width>40</width>
				<height>55</height>
				<aspectratio align="center">keep</aspectratio>
				<colordiffuse>blue2</colordiffuse>
				<texture>videoosd/flagging/audio/eng.png</texture>
				<visible>PVR.IsPlayingTV</visible>
				<visible>String.Contains(VideoPlayer.AudioLanguage,eng)</visible>
			</control>
			<control type="image" id="1">
				<width>80</width>
				<height>55</height>
				<aspectratio align="center">keep</aspectratio>
				<colordiffuse>blue2</colordiffuse>
				<texture>videoosd/flagging/subtitles/rus.png</texture>
				<visible>PVR.IsPlayingTV</visible>
				<visible>String.Contains(VideoPlayer.SubtitlesLanguage,rus)</visible>
			</control>
			</control>
			</control>
		</control>
	</include>
	<!--top-->








	<include name="osd_video_bottom">

		<control type="group" id="1">


			<control type="group" id="1">
				<animation effect="slide" start="0,250" end="0" time="100">Visible</animation>
				<animation effect="slide" start="0,0" end="0,-250" time="200">Hidden</animation>
				<visible>!PVR.IsPlayingTV</visible>
				<control type="image" id="1">
					<right>0</right>
					<bottom>0</bottom>
					<width>100%</width>
					<height>150</height>
					<texture border="5" colordiffuse="grey4">videoosd/fon_button.png</texture>
      					<bordertexture border="5">videoosd/shadow button.png</bordertexture>
				</control>
				<control type="label" id="2">
					<left>10</left>
					<top>85r</top>
					<width>300</width>
					<height>38</height>
					<font>font14</font>
					<textcolor>blue2</textcolor>
					<align>left</align>
					<aligny>center</aligny>
					<label>00:00</label>
				</control>
				<control type="progress" id="1">
					<left>100</left>
					<top>71r</top>
					<width>1720</width>
					<height>10</height>
					<texturebg colordiffuse="grey">fon.png</texturebg>
					<midtexture colordiffuse="blue2">fon.png</midtexture>
					<info>Player.Seekbar</info>
					<visible>String.IsEqual(Player.Duration(hh),00)</visible>
				</control>
				<control type="progress" id="1">
					<left>100</left>
					<top>76r</top>
					<width>1720</width>
					<height>10</height>
					<texturebg colordiffuse="grey"></texturebg>
					<midtexture colordiffuse="blue2">fon.png</midtexture>
					<info>Player.Seekbar</info>
					<visible>String.IsEqual(Player.Duration(hh),00)</visible>
				</control>
				<control type="slider" id="1">
					<left>100</left>
					<top>76r</top>
					<width>1720</width>
					<height>20</height>
					<info>Player.Seekbar</info>
					<texturesliderbar colordiffuse="00FFFFFF">videoosd/ball.png</texturesliderbar>
					<textureslidernib colordiffuse="blue2">videoosd/ball.png</textureslidernib>
					<textureslidernibfocus colordiffuse="blue2">videoosd/ball.png</textureslidernibfocus>
					<visible>String.IsEqual(Player.Duration(hh),00)</visible>
				</control>
				<control type="label" id="2">
					<right>10</right>
					<top>85r</top>
					<width>300</width>
					<height>38</height>
					<font>font14</font>
					<textcolor>blue2</textcolor>
					<align>right</align>
					<aligny>center</aligny>
					<label>$INFO[Player.Duration(mm:ss)]</label>
					<visible>String.IsEqual(Player.Duration(hh),00)</visible>
				</control>


				<control type="group" id="1">
						<control type="label" id="2">
							<left>50</left>
							<top>120r</top>
							<width>120</width>
							<height>38</height>
							<font>font12</font>
							<textcolor>blue2</textcolor>
							<align>center</align>
							<aligny>center</aligny>
							<label>$INFO[Player.Time(hh:mm:ss)]</label>
							<visible>Integer.IsEqual(Player.Progress,0)</visible>
						</control>
						<control type="label" id="2">
							<left>57</left>
							<top>120r</top>
							<width>120</width>
							<height>38</height>
							<font>font12</font>
							<textcolor>blue2</textcolor>
							<align>center</align>
							<aligny>center</aligny>
							<label>$INFO[Player.Time(hh:mm:ss)]</label>
							<visible>Integer.IsEqual(Player.Progress,1)</visible>
						</control>
						<control type="label" id="2">
							<left>74</left>
							<top>120r</top>
							<width>120</width>
							<height>38</height>
							<font>font12</font>
							<textcolor>grey2</textcolor>
							<align>center</align>
							<aligny>center</aligny>
							<label>$INFO[Player.Time(hh:mm:ss)]</label>
							<visible>Integer.IsEqual(Player.Progress,2)</visible>
						</control>
						<control type="label" id="2">
							<left>105</left>
							<top>120r</top>
							<width>300</width>
							<height>38</height>
							<font>font14</font>
							<textcolor>grey2</textcolor>
							<align>left</align>
							<aligny>center</aligny>
							<label>$INFO[Player.Time(mm:ss)]</label>
							<visible>Integer.IsEqual(Player.Progress,3)</visible>
						</control>
						<control type="label" id="2">
							<left>105</left>
							<top>120r</top>
							<width>300</width>
							<height>38</height>
							<font>font14</font>
							<textcolor>grey2</textcolor>
							<align>left</align>
							<aligny>center</aligny>
							<label>$INFO[Player.Time(mm:ss)]</label>
							<visible>Integer.IsEqual(Player.Progress,4)</visible>
						</control>
					<control type="progress" id="1">
						<left>100</left>
						<top>71r</top>
						<width>1670</width>
						<height>10</height>
						<texturebg colordiffuse="grey">fon.png</texturebg>
						<midtexture colordiffuse="grey3">fon.png</midtexture>
						<info>Player.ProgressCache</info>
						<visible>!String.IsEqual(Player.Duration(hh),00)</visible>
					</control>
					<control type="progress" id="1">
						<left>100</left>
						<top>76r</top>
						<width>1670</width>
						<height>10</height>
						<texturebg colordiffuse="grey"></texturebg>
						<midtexture colordiffuse="blue2">fon.png</midtexture>
						<info>Player.Seekbar</info>
						<visible>!String.IsEqual(Player.Duration(hh),00)</visible>
					</control>
					<control type="slider" id="1">
						<left>100</left>
						<top>76r</top>
						<width>1670</width>
						<height>20</height>
						<info>Player.Seekbar</info>
						<texturesliderbar colordiffuse="00FFFFFF">videoosd/ball.png</texturesliderbar>
						<textureslidernib colordiffuse="blue2">videoosd/ball.png</textureslidernib>
						<textureslidernibfocus colordiffuse="blue2">videoosd/ball.png</textureslidernibfocus>
						<visible>!String.IsEqual(Player.Duration(hh),00)</visible>
					</control>
					<control type="label" id="2">
						<right>10</right>
						<top>85r</top>
						<width>300</width>
						<height>38</height>
						<font>font14</font>
						<textcolor>blue2</textcolor>
						<align>right</align>
						<aligny>center</aligny>
						<label>$INFO[Player.Duration(hh:mm:ss)]</label>
						<visible>!String.IsEqual(Player.Duration(hh),00)</visible>
					</control>
					<control type="label" id="2">
						<right>200</right>
						<top>50r</top>
						<width>400</width>
						<height>38</height>
						<font>font12</font>
						<textcolor>grey2</textcolor>
						<align>right</align>
						<aligny>center</aligny>
						<label>Разрешение видео:$INFO[VideoPlayer.VideoResolution]p</label>
					</control>
				</control>
			</control>
		</control>
	</include>
</includes>
