<?xml version="1.0" encoding="UTF-8"?>
<includes>
	<include name="osd_movies">
	<control type="group" id="1">
		<visible>[Player.ShowInfo | Window.IsActive(VideoOSD) | Player.Seeking] + ![Window.IsVisible(OSDSubtitleSettings) | Window.IsVisible(OSDVideoSettings) | Window.IsVisible(OSDAudioSettings) | Window.IsVisible(VideoBookmarks) | Window.IsVisible(PVROSDChannels) | Window.IsVisible(PVRChannelGuide) | Window.IsVisible(SliderDialog)] | !String.IsEmpty(PVR.ChannelNumberInput) | Player.HasPerformedSeek(5)</visible>
		<visible>VideoPlayer.Content(Movies)</visible>
		<control type="image" id="1">
			<left>20</left>
			<top>300r</top>
			<width>1880</width>
			<height>270</height>
     		 	<bordersize>3</bordersize>
			<texture colordiffuse="black" border="40">special://skin/extras/videoOSD/2.png</texture>
			<bordertexture border="40" colordiffuse="grey">special://skin/extras/videoOSD/2.png</bordertexture>
			<visible>!PVR.IsPlayingTV</visible>
			<visible>!Player.ShowInfo</visible>
		</control>
		<control type="group" id="1">
			<visible>!Player.ShowInfo</visible>
			<visible>!PVR.IsPlayingTV</visible>
			<left>80</left>
			<bottom>50</bottom>
			<width>300</width>
			<height>400</height>
			<control type="image" id="1">
				<left>0</left>
				<bottom>0</bottom>
				<width>300</width>
				<height>400</height>
				<texture fallback="DefaultVideoCover.png">$INFO[Player.Icon]</texture>
				<bordertexture border="-3" infill="true" colordiffuse="grey">special://skin/extras/OSD_TV.png</bordertexture>
			</control>
			<control type="image" id="1">
				<left>5</left>
				<top>5</top>
				<width>50</width>
				<height>30</height>
				<colordiffuse>green</colordiffuse>
				<texture>special://skin/extras/videoOSD/3.png</texture>
				<visible>!String.IsEmpty(VideoPlayer.Rating)</visible>
			</control>
			<control type="label" id="1">
				<left>5</left>
				<top>4</top>
				<width>50</width>
				<height>30</height>
				<font>font10</font>
				<align>center</align>
				<aligny>center</aligny>
				<textcolor>black</textcolor>
				<label>$INFO[VideoPlayer.Rating]</label>
			</control>

		</control>
		<control type="grouplist" id="1">
			<visible>!Player.ShowInfo</visible>
			<left>470</left>
			<top>290r</top>
			<height>100</height>
     		 	<orientation>Horizontal</orientation>
			<control type="label" id="1">
				<width min="50" max="1100">auto</width>
				<height>38</height>
				<align>left</align>
				<font>font28_title</font>
       				<angle>0</angle>
				<label>[B]$INFO[VideoPlayer.Title][/B]</label>
				<textcolor>grey</textcolor>
				<shadowcolor>black</shadowcolor>
				<visible>!PVR.IsPlayingTV</visible>
			</control>
			<control type="image" id="1">
				<width>110</width>
				<height>55</height>
				<aspectratio align="center">keep</aspectratio>
				<colordiffuse>blue2</colordiffuse>
				<texture>$INFO[VideoPlayer.VideoResolution,special://skin/extras/flagging/video/,.png]</texture>
				<visible>!PVR.IsPlayingTV</visible>
			</control>
		</control>
		<control type="label" id="1">
			<left>470</left>
			<top>235r</top>
			<width>1360</width>
			<height>38</height>
			<font>font14</font>
			<align>left</align>
			<aligny>center</aligny>
			<scroll>true</scroll>
			<textcolor>grey2</textcolor>
			<label>[COLOR selected]Жанр:[/COLOR] $INFO[VideoPlayer.Genre]</label>
			<visible>!Player.ShowInfo</visible>
		</control>
		<control type="label" id="1">
			<left>470</left>
			<top>200r</top>
			<width>1260</width>
			<height>38</height>
			<font>font14</font>
			<align>left</align>
			<aligny>center</aligny>
			<scroll>true</scroll>
			<textcolor>grey2</textcolor>
			<label>[COLOR selected]Год:[/COLOR] $INFO[VideoPlayer.Year]</label>
			<visible>!Player.ShowInfo</visible>
		</control>
		<control type="label" id="1">
			<left>470</left>
			<top>165r</top>
			<width>1260</width>
			<height>38</height>
			<font>font14</font>
			<align>left</align>
			<aligny>center</aligny>
			<scroll>true</scroll>
			<textcolor>grey2</textcolor>
			<label>[COLOR selected]Страна:[/COLOR] $INFO[VideoPlayer.Country]</label>
			<visible>!Player.ShowInfo</visible>
		</control>
		<control type="progress" id="1">
			<left>470</left>
			<top>115r</top>
			<width>1365</width>
			<height>30</height>
			<info>Player.ProgressCache</info>
			<texturebg colordiffuse="grey" border="9,13,9,13">special://skin/extras/Progressbar/osdprogressback.png</texturebg>
			<midtexture colordiffuse="grey3" border="9,13,9,13">special://skin/extras/Progressbar/osdprogressmid.png</midtexture>
			<visible>!Player.ShowInfo</visible>
		</control>
		<control type="progress" id="1">
			<left>470</left>
			<top>115r</top>
			<width>1365</width>
			<height>30</height>
			<info>Player.Progress</info>
			<texturebg colordiffuse="grey" border="9,13,9,13">special://skin/extras/Progressbar/osdprogressback.png</texturebg>
			<midtexture colordiffuse="green2" border="9,13,9,13">special://skin/extras/Progressbar/osdprogressmid.png</midtexture>
			<visible>!Player.ShowInfo</visible>
		</control>
		<control type="slider" id="1">
			<left>470</left>
			<top>115r</top>
			<width>1365</width>
			<height>30</height>
			<texturesliderbar colordiffuse="00FFFFFF">special://skin/extras/Progressbar/slider-nib.png</texturesliderbar>
			<textureslidernib colordiffuse="grey2">special://skin/extras/Progressbar/slider-nib.png</textureslidernib>
			<info>Player.Seekbar</info>
			<visible>!Player.ShowInfo</visible>
		</control>
		<control type="label" id="2">
			<left>475</left>
			<top>120r</top>
			<width>1150</width>
			<height>38</height>
			<font>font12</font>
			<align>left</align>
			<aligny>center</aligny>
			<textcolor>grey2</textcolor>
			<label>00:00</label>
			<visible>!Player.ShowInfo</visible>
		</control>
		<control type="label" id="2">
			<left>470</left>
			<top>120r</top>
			<width>1365</width>
			<height>38</height>
			<font>font12</font>
			<textcolor>grey2</textcolor>
			<align>center</align>
			<aligny>center</aligny>
			<label>$INFO[Player.Time(hh:mm)]/$INFO[Player.TimeRemaining(hh:mm)]</label>
			<visible>!Player.ShowInfo</visible>
		</control>
		<control type="label" id="2">
			<left>460</left>
			<top>120r</top>
			<width>1365</width>
			<height>38</height>
			<font>font12</font>
			<textcolor>grey2</textcolor>
			<align>right</align>
			<aligny>center</aligny>
			<label>$INFO[Player.Duration(hh:mm)]</label>
			<visible>!Player.ShowInfo</visible>
		</control>
	</control>
	</include>
</includes>
