<?xml version="1.0" encoding="UTF-8"?>
<includes>
	<include name="osd_tvshow">
		<control type="group" id="1">
		<visible>[Player.ShowInfo | Window.IsActive(VideoOSD) | Player.Seeking] + ![Window.IsVisible(OSDSubtitleSettings) | Window.IsVisible(OSDVideoSettings) | Window.IsVisible(OSDAudioSettings) | Window.IsVisible(VideoBookmarks) | Window.IsVisible(PVROSDChannels) | Window.IsVisible(PVRChannelGuide) | Window.IsVisible(SliderDialog)] | !String.IsEmpty(PVR.ChannelNumberInput) | Player.HasPerformedSeek(5)</visible>
			<visible>VideoPlayer.Content(episodes)</visible>
			<control type="image" id="1">
				<left>20</left>
				<top>230r</top>
				<width>1880</width>
				<height>200</height>
     		 		<bordersize>3</bordersize>
				<texture colordiffuse="black" border="40">special://skin/extras/videoOSD/2.png</texture>
				<bordertexture border="40" colordiffuse="grey">special://skin/extras/videoOSD/2.png</bordertexture>
			</control>
			<control type="group" id="1">
				<left>80</left>
				<bottom>50</bottom>
				<width>300</width>
				<height>400</height>
				<control type="image" id="1">
					<left>0</left>
					<bottom>0</bottom>
					<width>300</width>
					<height>400</height>
					<texture fallback="DefaultVideoCover.png">$INFO[Player.Art(tvshow.poster)]</texture>
					<bordertexture border="-3" infill="true" colordiffuse="grey">special://skin/extras/OSD_TV.png</bordertexture>
				</control>
				<control type="image" id="1">
					<left>10</left>
					<top>10</top>
					<width>70</width>
					<height>40</height>
					<colordiffuse>green</colordiffuse>
					<texture>special://skin/extras/videoOSD/3.png</texture>
					<visible>!String.IsEmpty(VideoPlayer.Rating)</visible>
				</control>
				<control type="label" id="1">
					<left>10</left>
					<top>10</top>
					<width>70</width>
					<height>38</height>
					<font>font12</font>
					<align>center</align>
					<aligny>center</aligny>
					<textcolor>black</textcolor>
					<label>$INFO[VideoPlayer.Rating]</label>

				</control>
			</control>
			<control type="grouplist" id="1">
				<left>470</left>
				<bottom>130</bottom>
				<height>100</height>
     		 		<orientation>Horizontal</orientation>
				<control type="label" id="1">
					<width min="50" max="1100">auto</width>
					<height>38</height>
					<align>left</align>
					<font>font28_title</font>
       					<angle>0</angle>
					<textcolor>grey</textcolor>
					<label>[B]$INFO[VideoPlayer.TVShowTitle][/B]</label>
				</control>
				<control type="image" id="1">
					<width>110</width>
					<height>55</height>
					<aspectratio align="center">keep</aspectratio>
					<colordiffuse>blue2</colordiffuse>
					<texture>$INFO[VideoPlayer.VideoResolution,special://skin/extras/flagging/video/,.png]</texture>
				</control>
			</control>
			<control type="label" id="1">
				<left>470</left>
				<bottom>135</bottom>>
				<width>1260</width>
				<height>38</height>
				<font>font14</font>
				<align>left</align>
				<aligny>center</aligny>
				<scroll>true</scroll>
				<textcolor>grey2</textcolor>
			<label>$INFO[VideoPlayer.Season]-й [COLOR selected]Сезон[/COLOR] $INFO[VideoPlayer.Episode]-я [COLOR selected]Серия[/COLOR]</label>
			</control>
			<control type="label" id="1">
				<left>470</left>
				<bottom>100</bottom>>
				<width>1360</width>
				<height>38</height>
				<font>font14</font>
				<align>left</align>
				<aligny>center</aligny>
				<scroll>true</scroll>
				<textcolor>grey2</textcolor>
				<label>[COLOR selected]Жанр:[/COLOR] $INFO[VideoPlayer.Genre]</label>
			</control>
			<control type="progress" id="1">
				<left>470</left>
				<top>90r</top>
				<width>1365</width>
				<height>30</height>
				<info>Player.ProgressCache</info>
				<texturebg colordiffuse="grey" border="9,13,9,13">special://skin/extras/Progressbar/osdprogressback.png</texturebg>
				<midtexture colordiffuse="grey3" border="9,13,9,13">special://skin/extras/Progressbar/osdprogressmid.png</midtexture>
			</control>
			<control type="progress" id="1">
				<left>470</left>
				<top>90r</top>
				<width>1365</width>
				<height>30</height>
				<info>Player.Seekbar</info>
				<texturebg colordiffuse="grey" border="9,13,9,13">special://skin/extras/Progressbar/osdprogressback.png</texturebg>
				<midtexture colordiffuse="green2" border="9,13,9,13">special://skin/extras/Progressbar/osdprogressmid.png</midtexture>
			</control>
			<control type="slider" id="1">
				<left>470</left>
				<top>90r</top>
				<width>1365</width>
				<height>30</height>
				<texturesliderbar colordiffuse="00FFFFFF">special://skin/extras/Progressbar/slider-nib.png</texturesliderbar>
				<textureslidernib colordiffuse="grey2">special://skin/extras/Progressbar/slider-nib.png</textureslidernib>
				<info>Player.Seekbar</info>
			</control>
			<control type="label" id="2">
				<left>475</left>
				<top>95r</top>
				<width>1150</width>
				<height>38</height>
				<font>font12</font>
				<align>left</align>
				<aligny>center</aligny>
				<textcolor>grey2</textcolor>
				<label>00:00</label>
			</control>
			<control type="label" id="2">
				<left>470</left>
				<top>95r</top>
				<width>1365</width>
				<height>38</height>
				<font>font12</font>
				<textcolor>grey2</textcolor>
				<align>center</align>
				<aligny>center</aligny>
				<label>$INFO[Player.Time(hh:mm)]/$INFO[Player.TimeRemaining(hh:mm)]</label>
			</control>
			<control type="label" id="2">
				<left>460</left>
				<top>95r</top>
				<width>1365</width>
				<height>38</height>
				<font>font12</font>
				<textcolor>grey2</textcolor>
				<align>right</align>
				<aligny>center</aligny>
				<label>$INFO[Player.Duration(hh:mm)]</label>
			</control>
		</control>	</include>
</includes>
