<?xml version="1.0" encoding="UTF-8"?>
<includes>
	<include name="spinner_media">

		<control type="group" id="1">
			<visible>Integer.IsLessOrEqual(Player.CacheLevel,0) | Integer.IsEqual(Player.Chapter,00)</visible>
<visible>PVR.IsPlayingTV</visible>

			<control type="image" id="1">
				<centerleft>50%</centerleft>
				<centertop>50%</centertop>
				<width>150</width>
				<height>150</height>
				<aspectratio>keep</aspectratio>
				<colordiffuse>white</colordiffuse>
<animation effect="rotate" start="0" end="-360" center="auto" time="500" delay="0" loop="true" reversible="false" condition="true">Conditional</animation>
				<texture>spinner/media_1.png</texture>
			</control>
			<control type="image" id="1">
				<centerleft>50%</centerleft>
				<centertop>50%</centertop>
				<width>150</width>
				<height>150</height>
				<aspectratio>keep</aspectratio>
				<colordiffuse>white</colordiffuse>
<animation effect="rotate" start="-90" end="-450" center="auto" time="500" delay="0" loop="true" reversible="false" condition="true">Conditional</animation>
				<texture>spinner/media_1.png</texture>
			</control>
			<control type="image" id="1">
				<centerleft>50%</centerleft>
				<centertop>50%</centertop>
				<width>150</width>
				<height>150</height>
				<aspectratio>keep</aspectratio>
				<colordiffuse>white</colordiffuse>
<animation effect="rotate" start="-180" end="-540" center="auto" time="500" delay="0" loop="true" reversible="false" condition="true">Conditional</animation>
				<texture>spinner/media_1.png</texture>
			</control>
			<control type="image" id="1">
				<centerleft>50%</centerleft>
				<centertop>50%</centertop>
				<width>150</width>
				<height>150</height>
				<aspectratio>keep</aspectratio>
				<colordiffuse>white</colordiffuse>
<animation effect="rotate" start="-270" end="-630" center="auto" time="500" delay="0" loop="true" reversible="false" condition="true">Conditional</animation>
				<texture>spinner/media_1.png</texture>
			</control>

		</control>


	</include>
</includes>
